codigo,material,categoria
4,ABRAZADERA DE Ø50mm CON BULONES Y SALIDA PARA PEAD Ø20mm,Abrazaderas
5,ABRAZADERA DE Ø50mm CON BULONES Y SALIDA PARA PEAD Ø25mm,Abrazaderas
6,ABRAZADERA DE Ø63mm CON BULONES Y SALIDA PARA PEAD Ø20mm,Abrazaderas
7,ABRAZADERA DE Ø63mm CON BULONES Y SALIDA PARA PEAD Ø25mm,Abrazaderas
8,ABRAZADERA DE Ø75mm CON BULONES Y SALIDA PARA PEAD Ø 20mm,Abrazaderas
9,ABRAZADERA DE Ø75mm CON BULONES Y SALIDA PARA PEAD Ø 25mm,Abrazaderas
10,ABRAZADERA DE Ø90mm CON BULONES E INSERTOS DE BRONCE CON SALIDA DE Ø1/2”,Abrazaderas
11,ABRAZADERA DE Ø90mm CON BULONES E INSERTOS DE BRONCE CON SALIDA DE Ø3/4”,Abrazaderas
12,ABRAZADERA DE Ø110mm CON BULONES E INSERTOS DE BRONCE CON SALIDA DE Ø1/2”,Abrazaderas
13,ABRAZADERA DE Ø110mm CON BULONES E INSERTOS DE BRONCE CON SALIDA DE Ø3/4”,Abrazaderas
15,ABRAZADERA DE ALTA TOLERENCIA Ø45mm A Ø55mm,Abrazaderas
38,"ACOPLES DE COMPRESIÓN RÁPIDOS DE Ø1/2"" PROFESIONAL",Conexiones
39,"ACOPLES DE COMPRESIÓN RÁPIDOS DE Ø3/4"" PROFESIONAL",Conexiones
40,"ACOPLES DE COMPRESIÓN RÁPIDOS DE Ø1"" PROFESIONAL",Conexiones
41,"ACOPLES DE COMPRESIÓN RÁPIDOS DE Ø1 1/4"" PROFESIONAL",Conexiones
42,"ACOPLES DE COMPRESIÓN RÁPIDOS DE Ø1 1/2"" PROFESIONAL",Conexiones
43,"ACOPLES DE COMPRESIÓN RÁPIDOS DE Ø2"" PROFESIONAL",Conexiones
49,ADAPTADOR BRIDADO Ø4”,Conexiones
50,ADAPTADOR BRIDADO Ø6”,Conexiones
51,ADAPTADOR BRIDADO Ø8”,Conexiones
52,ADAPTADOR BRIDADO Ø10”,Conexiones
53,ADAPTADOR BRIDADO Øxxxmm,Conexiones
55,ADAPTADOR BRIDADO Ø100-110mm,Conexiones
57,ADAPTADOR BRIDADO Ø150-160mm,Conexiones
68,BRIDA DE ACERO PARA SOLDAR 200mm,Conexiones
69,BRIDA DE ACERO PARA SOLDAR 250mm,Conexiones
70,BRIDAS DE ACERO PARA SOLDAR Øxx,Conexiones
83,BRIDAS DE ACERO PARA SOLDAR Ø4”,Conexiones
84,BRIDAS DE ACERO PARA SOLDAR Ø6”,Conexiones
85,BRIDAS DE ACERO PARA SOLDAR Ø8”,Conexiones
86,BRIDAS DE ACERO PARA SOLDAR Ø10”,Conexiones
87,HIDRANTE A RESORTE Ø75mm,Hidráulicos
88,CABEZAL DE HIDRANTE A RESORTE Ø75mm,Hidráulicos
107,RAMAL CLOACAL Ø160X110  EN Y,Otros
111,CAÑO CLOACA PVC BLANCO Ø 110mm ESP 3.2mm,Tuberías PVC
112,CAÑO CLOACA PVC BLANCO Ø 160 mm 3.2mm,Tuberías PVC
113,CAÑO CLOACA PVC BLANCO Ø 200mm 3.2mm,Tuberías PVC
114,CAÑO CLOACA PVC BLANCO Ø 315mm 3.2mm,Tuberías PVC
115,CAÑO CLOACA PVC BLANCO Ø 450 mm 3.2mm,Tuberías PVC
116,CODOS 45 ° PVC CLOACA Ø 110 mm,Tuberías PVC
128,CUPLA DESLIZANTE PVC C10 Ø63mm JUNTA ELÁSTICA,Tuberías PVC
129,CUPLA DESLIZANTE PVC C10 Ø75mm JUNTA ELÁSTICA,Tuberías PVC
130,CUPLA DESLIZANTE PVC C10 Ø110mm JUNTA ELÁSTICA,Tuberías PVC
131,CUPLA DESLIZANTE PVC C10 Ø160mm JUNTA ELÁSTICA,Tuberías PVC
132,CUPLA DESLIZANTE PVC C10 Ø200mm JUNTA ELÁSTICA,Tuberías PVC
133,CUPLA DESLIZANTE PVC C10 Ø250mm JUNTA ELÁSTICA,Tuberías PVC
134,CUPLA DESLIZANTE PVC C10 Ø355 mm JUNTA ELÁSTICA,Tuberías PVC
135,CUPLA ROSCADA PVC C10 Ø63mm,Tuberías PVC
136,CUPLA ROSCADA PVC C10 Ø75mm,Tuberías PVC
141,CRUZ H°F° 50mmX50mm,Otros
142,CRUZ H°F° 63mmX63mm,Otros
143,CRUZ H°F° 75mmX75mm,Otros
173,CURVA LARGA PVC C10 A 45º Ø63mm,Tuberías PVC
174,CURVA LARGA PVC C10 A 90º Ø63mm,Tuberías PVC
175,CURVA LARGA PVC C10 A 45º Ø75mm,Tuberías PVC
176,CURVA LARGA PVC C10 A 90º Ø75mm,Tuberías PVC
177,CURVA LARGA PVC C10 A 45º Ø90mm,Tuberías PVC
178,CURVA LARGA PVC C10 A 90º Ø90mm,Tuberías PVC
179,CURVA LARGA PVC C10 A 45º Ø110mm,Tuberías PVC
180,CURVA LARGA PVC C10 A 90º Ø110mm,Tuberías PVC
181,CURVA LARGA PVC C10 A 45º Ø160mm,Tuberías PVC
182,CURVA LARGA PVC C10 A 90º Ø160mm,Tuberías PVC
183,CURVA LARGA PVC C10 A 45º Ø200mm,Tuberías PVC
184,CURVA LARGA PVC C10 A 90º Ø200mm,Tuberías PVC
185,CURVA LARGA PVC C10 A 45º Ø250mm,Tuberías PVC
186,CURVA LARGA PVC C10 A 90º Ø250mm,Tuberías PVC
187,CURVA LARGA PVC C10 A 45º Ø315mm,Tuberías PVC
188,CURVA LARGA PVC C10 A 90º Ø315mm,Tuberías PVC
209,ROSCA ESPIGA MACHO Ø1/2”,Espigas
210,ROSCA ESPIGA MACHO Ø3/4”,Espigas
211,ROSCA ESPIGA MACHO Ø1”,Espigas
219,ESPIGA DOBLE Ø1/2”,Espigas
220,ESPIGA DOBLE Ø3/4”,Espigas
221,ESPIGA DOBLE Ø1”,Espigas
222,ESPIGA ASIENTO PLANO Ø1”,Espigas
223,ESPIGA ASIENTO PLANO Ø1/2”,Espigas
224,ESPIGA ASIENTO PLANO Ø3/4”,Espigas
225,ESPIGA CÓNICA Ø1/2”,Espigas
226,ESPIGA CÓNICA Ø3/4”,Espigas
227,ESPIGA CÓNICA Ø1”,Espigas
228,ESPIGA REDUCCIÓN Ø3/4’’ A 1/2 ”,Espigas
229,ESPIGA REDUCCIÓN Ø1’’ A 3/4”,Espigas
234,ESPIGA DOBLE Ø2”,Espigas
260,JUNTA GIBAULT A°C° Ø50 mm CLASE 3,Juntas Gibault
261,JUNTA GIBAULT A°C° Ø50 mm CLASE 5,Juntas Gibault
262,JUNTA GIBAULT A°C° Ø50 mm CLASE 7,Juntas Gibault
263,JUNTA GIBAULT A°C° Ø60 mm CLASE 3,Juntas Gibault
264,JUNTA GIBAULT A°C° Ø60 mm CLASE 5,Juntas Gibault
265,JUNTA GIBAULT A°C° Ø60 mm CLASE 7,Juntas Gibault
266,JUNTA GIBAULT A°C°Ø75mm CLASE 3,Juntas Gibault
267,JUNTA GIBAULT A°C° Ø75 mm CLASE 5,Juntas Gibault
268,JUNTA GIBAULT A°C° Ø75mm CLASE 7,Juntas Gibault
269,JUNTA GIBAULT A°C° Ø90mm CLASE 3,Juntas Gibault
270,JUNTA GIBAULT A°C° Ø90mm CLASE 5,Juntas Gibault
271,JUNTA GIBAULT A°C° Ø90mm CLASE 7,Juntas Gibault
272,JUNTA GIBAULT A°C° Ø90mm CLASE 10,Juntas Gibault
273,JUNTA GIBAULT A°C° Ø100mm CLASE 3,Juntas Gibault
274,JUNTA GIBAULT A°C° Ø100mm CLASE 5,Juntas Gibault
275,JUNTA GIBAULT A°C° Ø100mm CLASE 7,Juntas Gibault
276,JUNTA GIBAULT A°C° Ø100mm CLASE 10,Juntas Gibault
277,JUNTA GIBAULT A°C° Ø125mm CLASE 3,Juntas Gibault
278,JUNTA GIBAULT A°C° Ø125mm CLASE 5,Juntas Gibault
279,JUNTA GIBAULT A°C° Ø125mm CLASE 7,Juntas Gibault
280,JUNTA GIBAULT A°C° Ø125mm CLASE 10,Juntas Gibault
281,JUNTA GIBAULT A°C° Ø150mm CLASE 3,Juntas Gibault
282,JUNTA GIBAULT A°C° Ø150mm CLASE 5,Juntas Gibault
283,JUNTA GIBAULT A°C°Ø150mm CLASE 7,Juntas Gibault
284,JUNTA GIBAULT A°C° Ø150mm CLASE 10,Juntas Gibault
285,JUNTA GIBAULT A°C° Ø175mm CLASE 3,Juntas Gibault
286,JUNTA GIBAULT A°C° Ø175mm CLASE 5,Juntas Gibault
287,JUNTA GIBAULT A°C° Ø175mm CLASE 7,Juntas Gibault
288,JUNTA GIBAULT A°C° Ø175mm CLASE 10,Juntas Gibault
289,JUNTA GIBAULT A°C° Ø200mm CLASE 3,Juntas Gibault
290,JUNTA GIBAULT A°C° Ø200mm CLASE 5,Juntas Gibault
291,JUNTA GIBAULT A°C° Ø200mm CLASE 7,Juntas Gibault
292,JUNTA GIBAULT A°C° Ø200mm CLASE 10,Juntas Gibault
293,JUNTA GIBAULT A°C° Ø225mm CLASE 3,Juntas Gibault
294,JUNTA GIBAULT A°C° Ø225mm CLASE 5,Juntas Gibault
295,JUNTA GIBAULT A°C° Ø225mm CLASE 7,Juntas Gibault
296,JUNTA GIBAULT A°C° Ø225mm CLASE 10,Juntas Gibault
297,JUNTA GIBAULT A°C° Ø250mm CLASE 3,Juntas Gibault
298,JUNTA GIBAULT A°C° Ø250mm CLASE 5,Juntas Gibault
299,JUNTA GIBAULT A°C° Ø250mm CLASE 7,Juntas Gibault
300,JUNTA GIBAULT A°C° Ø250mm CLASE 10,Juntas Gibault
301,JUNTA GIBAULT A°C° Ø300mm CLASE 3,Juntas Gibault
302,JUNTA GIBAULT A°C° Ø300mm CLASE 5,Juntas Gibault
303,JUNTA GIBAULT A°C° Ø300mm CLASE 7,Juntas Gibault
304,JUNTA GIBAULT A°C° Ø300mm CLASE 10,Juntas Gibault
305,JUNTA GIBAULT A°C° Ø325mm CLASE 3,Juntas Gibault
306,JUNTA GIBAULT A°C° Ø325mm CLASE 5,Juntas Gibault
307,JUNTA GIBAULT A°C° Ø325mm CLASE 7,Juntas Gibault
308,JUNTA GIBAULT A°C° Ø325mm CLASE 10,Juntas Gibault
309,JUNTA GIBAULT A°C° Ø350mm CLASE 3,Juntas Gibault
310,JUNTA GIBAULT A°C° Ø350mm CLASE 5,Juntas Gibault
311,JUNTA GIBAULT A°C° Ø350mm CLASE 7,Juntas Gibault
312,JUNTA GIBAULT A°C° Ø350mm CLASE 10,Juntas Gibault
313,JUNTA GIBAULT A°C° Ø400mm CLASE 3,Juntas Gibault
314,JUNTA GIBAULT A°C° Ø400mm CLASE 5,Juntas Gibault
315,JUNTA GIBAULT A°C° Ø400mm CLASE 7,Juntas Gibault
316,JUNTA GIBAULT A°C° Ø400mm CLASE 10,Juntas Gibault
317,JUNTA GIBAULT A°C° Ø450mm CLASE 3,Juntas Gibault
318,JUNTA GIBAULT A°C° Ø450mm CLASE 5,Juntas Gibault
319,JUNTA GIBAULT A°C° Ø450mm CLASE 7,Juntas Gibault
320,JUNTA GIBAULT A°C° Ø450mm CLASE 10,Juntas Gibault
321,JUNTA GIBAULT A°C° Ø500mm CLASE 3,Juntas Gibault
322,JUNTA GIBAULT A°C° Ø500mm CLASE 5,Juntas Gibault
323,JUNTA GIBAULT A°C° Ø500mm CLASE 7,Juntas Gibault
324,JUNTA GIBAULT A°C° Ø500mm CLASE 10,Juntas Gibault
325,JUNTA GIBAULT A°C° Ø600mm CLASE 3,Juntas Gibault
326,JUNTA GIBAULT A°C° Ø600mm CLASE 5,Juntas Gibault
327,JUNTA GIBAULT A°C° Ø600mm CLASE 7,Juntas Gibault
328,JUNTA GIBAULT A°C° Ø600mm CLASE 10,Juntas Gibault
329,JUNTA GIBAULT A°C° Ø700mm CLASE 3,Juntas Gibault
330,JUNTA GIBAULT A°C° Ø700mm CLASE 5,Juntas Gibault
331,JUNTA GIBAULT A°C° Ø700mm CLASE 7,Juntas Gibault
332,JUNTA GIBAULT A°C° Ø700mm CLASE 10,Juntas Gibault
333,JUNTA GIBAULT A°C° Ø800mm CLASE 3,Juntas Gibault
334,JUNTA GIBAULT A°C° Ø800mm CLASE 5,Juntas Gibault
335,JUNTA GIBAULT A°C° Ø800mm CLASE 7,Juntas Gibault
336,JUNTA GIBAULT A°C° Ø800mm CLASE 10,Juntas Gibault
337,JUNTA GIBAULT A°C° Ø900mm CLASE 3,Juntas Gibault
338,JUNTA GIBAULT A°C° Ø900mm CLASE 5,Juntas Gibault
339,JUNTA GIBAULT A°C° Ø900mm CLASE 7,Juntas Gibault
340,JUNTA GIBAULT A°C° Ø900mm CLASE 10,Juntas Gibault
355,JUNTA GIBAULT PVC Ø50mm,Juntas Gibault
356,JUNTA GIBAULT PVC Ø 63mm,Juntas Gibault
357,JUNTA GIBAULT PVC Ø 75mm,Juntas Gibault
358,JUNTA GIBAULT PVC Ø90mm,Juntas Gibault
359,JUNTA GIBAULT PVC Ø 110mm,Juntas Gibault
360,JUNTA GIBAULT PVC Ø 250mm,Juntas Gibault
361,JUNTA GIBAULT PVC Ø110mm,Juntas Gibault
362,JUNTA GIBAULT PVC Ø 160mm,Juntas Gibault
363,JUNTA GIBAULT PVC Ø 200mm,Juntas Gibault
365,JUNTA GIBAULT PVC Ø 315mm,Juntas Gibault
366,JUNTA GIBAULT PVC Ø 355mm,Juntas Gibault
367,JUNTA GIBAULT PVC Ø 400mm,Juntas Gibault
368,JUNTA GIBAULT PVC Ø 450mm,Juntas Gibault
369,JUNTA GIBAULT PVC Ø 500mm,Juntas Gibault
381,SILLA ESTRIBO Ø50 C3,Estribos
382,SILLA ESTRIBO Ø50 C5,Estribos
383,SILLA ESTRIBO Ø50 C7,Estribos
384,SILLA ESTRIBO Ø60 C3,Estribos
385,SILLA ESTRIBO Ø60 C5,Estribos
386,SILLA ESTRIBO Ø60 C7,Estribos
387,SILLA ESTRIBO ØXX C3,Estribos
388,SILLA ESTRIBO ØXX C5,Estribos
389,SILLA ESTRIBO ØXX C7,Estribos
390,SILLA ESTRIBO Ø75 C3,Estribos
391,SILLA ESTRIBO Ø75 C5,Estribos
392,SILLA ESTRIBO Ø75 C7,Estribos
393,SILLA ESTRIBO Ø90 C3,Estribos
394,SILLA ESTRIBO Ø90 C5,Estribos
395,SILLA ESTRIBO Ø90 C7,Estribos
396,SILLA ESTRIBO Ø100 C3,Estribos
397,SILLA ESTRIBO Ø100 C5,Estribos
398,SILLA ESTRIBO Ø100 C7,Estribos
399,SILLA ESTRIBO Ø125 C3,Estribos
400,SILLA ESTRIBO Ø125 C5,Estribos
401,SILLA ESTRIBO Ø125 C7,Estribos
402,SILLA ESTRIBO Ø150 C3,Estribos
403,SILLA ESTRIBO Ø150 C5,Estribos
404,SILLA ESTRIBO Ø150 C7,Estribos
410,JUNTA GIBAULT TAPON A°C° Ø100mm CLASE 5,Juntas Gibault
472,JUNTAMAS DE H° F° P/CAÑO PVC Ø40mm,Tuberías PVC
473,JUNTAMAS DE H° F° P/CAÑO PVC Ø50mm,Tuberías PVC
474,JUNTAMAS DE H° F° P/CAÑO PVC Ø50mm EXTRALARGA Long: 200mm,Tuberías PVC
475,JUNTAMAS DE H° F° P/CAÑO PVC Ø63mm,Tuberías PVC
476,JUNTAMAS DE H° F° P/CAÑO PVC Ø63mm EXTRALARGA Long: 200mm,Tuberías PVC
477,JUNTAMAS DE H° F° P/CAÑO PVC Ø75mm,Tuberías PVC
478,JUNTAMAS DE H° F° P/CAÑO PVC Ø75mm EXTRALARGA Long: 200mm,Tuberías PVC
479,JUNTAMAS DE H° F° P/CAÑO PVC Ø90mm,Tuberías PVC
480,JUNTAMAS DE H° F° P/CAÑO PVC Ø90mm EXTRALARGA Long: 200mm,Tuberías PVC
481,JUNTAMAS DE H° F° P/CAÑO PVC Ø110mm,Tuberías PVC
482,JUNTAMAS DE H° F° P/CAÑO PVC Ø110mm EXTRALARGA Long: 200mm,Tuberías PVC
483,JUNTAMAS DE H° F° P/CAÑO PVC Ø125mm,Tuberías PVC
484,JUNTAMAS DE H° F° P/CAÑO PVC Ø140mm,Tuberías PVC
485,JUNTAMAS DE H° F° P/CAÑO PVC Ø160mm,Tuberías PVC
486,JUNTAMAS DE H° F° P/CAÑO PVC Ø160mm EXTRALARGA Long: 250mm,Tuberías PVC
487,JUNTAMAS DE H° F° P/CAÑO PVC Ø200mm,Tuberías PVC
488,JUNTAMAS DE H° F° P/CAÑO PVC Ø200mm EXTRALARGA Long: 290mm,Tuberías PVC
489,JUNTAMAS DE H° F° P/CAÑO PVCØ225 mm,Tuberías PVC
490,JUNTAMAS DE H° F° P/CAÑO PVCØ225 mm EXTRALARGA Long: 290mm,Tuberías PVC
491,JUNTAMAS DE H° F° P/CAÑO PVC Ø250mm,Tuberías PVC
492,JUNTAMAS DE H° F° P/CAÑO PVC Ø250mm EXTRALARGA Long: 290mm,Tuberías PVC
493,JUNTAMAS DE H° F° P/CAÑO PVC Ø280mm,Tuberías PVC
494,JUNTAMAS DE H° F° P/CAÑO PVC Ø280mm EXTRALARGA Long: 290mm,Tuberías PVC
495,JUNTAMAS DE H° F° P/CAÑO PVC Ø315mm,Tuberías PVC
496,JUNTAMAS DE H° F° P/CAÑO PVC Ø315mm EXTRALARGA Long: 290mm,Tuberías PVC
497,JUNTAMAS DE H° F° P/CAÑO PVC Ø355mm,Tuberías PVC
498,JUNTAMAS DE H° F° P/CAÑO PVC Ø355mm EXTRALARGA Long: 290mm,Tuberías PVC
499,JUNTAMAS DE H° F° P/CAÑO PVC Ø400 mm,Tuberías PVC
500,JUNTAMAS DE H° F° P/CAÑO PVC Ø400 mm EXTRALARGA Long: 290mm,Tuberías PVC
501,JUNTAMAS DE H° F° P/CAÑO PVC Ø450 mm,Tuberías PVC
502,JUNTAMAS DE H° F° P/CAÑO PVC Ø450 mm EXTRALARGA Long: 330mm,Tuberías PVC
503,JUNTAMAS DE H° F° P/CAÑO PVC Ø500 mm,Tuberías PVC
504,JUNTAMAS DE H° F° P/CAÑO PVC Ø500 mm EXTRALARGA Long: 340mm,Tuberías PVC
505,JUNTAMAS DE H° F° P/CAÑO PVC Ø600 mm,Tuberías PVC
509,JUNTAMAS DE H° F° P/CAÑO PVC Ø800 mm,Tuberías PVC
511,JUNTAMAS DE H° F° P/CAÑO PVC Ø900 mm,Tuberías PVC
514,JUNTAMAS DE H° F° P/CAÑO PRFV Dn:Ø300mm Dext:361mm,Tuberías PVC
515,JUNTAMAS DE H° F° P/CAÑO PRFV Dn:Ø300mm Dext:361mm long: 800mm EXTRALARGA,Tuberías PVC
516,JUNTAMAS DE H° F° P/CAÑO PRFV Dn:Ø400mm Dext:412mm,Tuberías PVC
517,JUNTAMAS DE H° F° P/CAÑO PRFV Dn:Ø500mm Dext:516mm,Tuberías PVC
518,JUNTAMAS DE H° F° P/CAÑO PRFV Dn:Ø600mm Dext:617mm,Tuberías PVC
519,JUNTAMAS DE H° F° P/CAÑO PRFV Dn:Ø700mm Dext:718mm,Tuberías PVC
520,JUNTAMAS DE H° F° P/CAÑO PRFV Dn:Ø800mm Dext:803mm,Tuberías PVC
527,JUNTAMAS DE H° F° P/CAÑO AºCº ØDn: 50mm Dext:68mm C3 ,Tuberías PVC
528,JUNTAMAS DE H° F° P/CAÑO AºCº ØDn: 60mm Dext:78mm C3 ,Tuberías PVC
529,JUNTAMAS DE H° F° P/CAÑO AºCº ØDn: 75mm Dext:93mm C3 ,Tuberías PVC
530,JUNTAMAS DE H° F° P/CAÑO AºCº ØDn: 100mm Dext:118mm C3 ,Tuberías PVC
531,JUNTAMAS DE H° F° P/CAÑO AºCº ØDn: 125mm Dext:145mm C3 ,Tuberías PVC
532,JUNTAMAS DE H° F° P/CAÑO AºCº ØDn: 150mm Dext:170mm C3 ,Tuberías PVC
533,JUNTAMAS DE H° F° P/CAÑO AºCº ØDn: 175mm Dext:195mm C3 ,Tuberías PVC
534,JUNTAMAS DE H° F° P/CAÑO AºCº ØDn: 200mm Dext:222mm C3 ,Tuberías PVC
535,JUNTAMAS DE H° F° P/CAÑO AºCº ØDn: 225mm Dext:247mm C3 ,Tuberías PVC
536,JUNTAMAS DE H° F° P/CAÑO AºCº ØDn: 250mm Dext:274mm C3 ,Tuberías PVC
537,JUNTAMAS DE H° F° P/CAÑO AºCº ØDn: 300mm Dext:328mm C3 ,Tuberías PVC
538,JUNTAMAS DE H° F° P/CAÑO AºCº ØDn: 350mm Dext:382mm C3 ,Tuberías PVC
539,JUNTAMAS DE H° F° P/CAÑO AºCº ØDn: 400mm Dext:436mm C3 ,Tuberías PVC
540,JUNTAMAS DE H° F° P/CAÑO AºCº ØDn: 400mm Dext:436mm C3 Long: 800mm EXTRALARGA,Tuberías PVC
541,JUNTAMAS DE H° F° P/CAÑO AºCº ØDn: 400mm Dext:406mm C3 ESPECIAL ,Tuberías PVC
542,JUNTAMAS DE H° F° P/CAÑO AºCº ØDn: 450mm Dext:490mm C3 ,Tuberías PVC
543,JUNTAMAS DE H° F° P/CAÑO AºCº ØDn: 500mm Dext:544mm C3 ,Tuberías PVC
544,JUNTAMAS DE H° F° P/CAÑO AºCº ØDn: 500mm Dext:508mm C3 ESPECIAL,Tuberías PVC
545,JUNTAMAS DE H° F° P/CAÑO AºCº ØDn: 600mm Dext:648mm C3 ,Tuberías PVC
546,JUNTAMAS DE H° F° P/CAÑO AºCº ØDn: 600mm Dext:630mm C3 ESPECIAL ,Tuberías PVC
547,JUNTAMAS DE H° F° P/CAÑO AºCº ØDn: 700mm Dext:725mm C3 Long: 300mm EXTRALARGA,Tuberías PVC
586,JUNTAMAS DE H° F° P/CAÑO AºCº ØDn: 50mm Dext:74mm C5,Tuberías PVC
587,JUNTAMAS DE H° F° P/CAÑO AºCº ØDn: 60mm Dext:84mm C5,Tuberías PVC
588,JUNTAMAS DE H° F° P/CAÑO AºCº ØDn: 75mm Dext:99mm C5,Tuberías PVC
589,JUNTAMAS DE H° F° P/CAÑO AºCº ØDn: 100mm Dext:124mm C5,Tuberías PVC
590,JUNTAMAS DE H° F° P/CAÑO AºCº ØDn: 125mm Dext:149mm C5,Tuberías PVC
591,JUNTAMAS DE H° F° P/CAÑO AºCº ØDn: 150mm Dext:174mm C5,Tuberías PVC
592,JUNTAMAS DE H° F° P/CAÑO AºCº ØDn: 175mm Dext:201mm C5,Tuberías PVC
593,JUNTAMAS DE H° F° P/CAÑO AºCº ØDn: 200mm Dext:230mm C5,Tuberías PVC
594,JUNTAMAS DE H° F° P/CAÑO AºCº ØDn: 225mm Dext:259mm C5,Tuberías PVC
595,JUNTAMAS DE H° F° P/CAÑO AºCº ØDn: 250mm Dext:286mm C5,Tuberías PVC
596,JUNTAMAS DE H° F° P/CAÑO AºCº ØDn: 300mm Dext:344mm C5,Tuberías PVC
597,JUNTAMAS DE H° F° P/CAÑO AºCº ØDn: 300mm Dext:344mm C5 Long: 450mm EXTRALARGA,Tuberías PVC
598,JUNTAMAS DE H° F° P/CAÑO AºCº ØDn: 350mm Dext:400mm C5,Tuberías PVC
599,JUNTAMAS DE H° F° P/CAÑO AºCº ØDn: 400mm Dext:458mm C5,Tuberías PVC
600,JUNTAMAS DE H° F° P/CAÑO AºCº ØDn: 450mm Dext:516mm C5,Tuberías PVC
601,JUNTAMAS DE H° F° P/CAÑO AºCº ØDn: 500mm Dext:572mm C5,Tuberías PVC
602,JUNTAMAS DE H° F° P/CAÑO AºCº ØDn: 500mm Dext:560mm C5 Long: 300mm EXTRALARGA,Tuberías PVC
603,JUNTAMAS DE H° F° P/CAÑO AºCº ØDn: 500mm Dext:586mm C5 ESPECIAL,Tuberías PVC
604,JUNTAMAS DE H° F° P/CAÑO AºCº ØDn: 600mm Dext:676mm C5,Tuberías PVC
605,JUNTAMAS DE H° F° P/CAÑO AºCº ØDn: 600mm Dext:676mm C5 Long: 300mm EXTRALARGA,Tuberías PVC
606,JUNTAMAS DE H° F° P/CAÑO AºCº ØDn: 700mm Dext:777mm C5 ESPECIAL,Tuberías PVC
607,JUNTAMAS DE H° F° P/CAÑO AºCº ØDn: 800mm Dext:840mm C5 ESPECIAL,Tuberías PVC
608,JUNTAMAS DE H° F° P/CAÑO AºCº ØDn: 800mm Dext:889mm C5 Long: 550mm EXTRALARGA,Tuberías PVC
623,JUNTAMAS DE H° F° P/CAÑO AºCº ØDn: 50mm Dext:79mm C5-7,Tuberías PVC
624,JUNTAMAS DE H° F° P/CAÑO AºCº ØDn: 60mm Dext:89mm C5-7,Tuberías PVC
625,JUNTAMAS DE H° F° P/CAÑO AºCº ØDn: 60mm Dext:89mm C5-7 Long: 200mm EXTRALARGA,Tuberías PVC
626,JUNTAMAS DE H° F° P/CAÑO AºCº ØDn: 75mm Dext:107mm C5-7,Tuberías PVC
627,JUNTAMAS DE H° F° P/CAÑO AºCº ØDn: 75mm Dext:107mm C5-7 Long: 200mm EXTRALARGA,Tuberías PVC
628,JUNTAMAS DE H° F° P/CAÑO AºCº ØDn: 100mm Dext:131mm C5-7,Tuberías PVC
629,JUNTAMAS DE H° F° P/CAÑO AºCº ØDn: 100mm Dext:131mm C5-7 Long: 200mm EXTRALARGA,Tuberías PVC
630,JUNTAMAS DE H° F° P/CAÑO AºCº ØDn: 125mm Dext:151mm C5-7,Tuberías PVC
631,JUNTAMAS DE H° F° P/CAÑO AºCº ØDn: 150mm Dext:179mm C5-7,Tuberías PVC
632,JUNTAMAS DE H° F° P/CAÑO AºCº ØDn: 175mm Dext:211mm C5-7,Tuberías PVC
633,JUNTAMAS DE H° F° P/CAÑO AºCº ØDn: 200mm Dext:234mm C5-7,Tuberías PVC
634,JUNTAMAS DE H° F° P/CAÑO AºCº ØDn: 225mm Dext:271mm C5-7,Tuberías PVC
635,JUNTAMAS DE H° F° P/CAÑO AºCº ØDn: 250mm Dext:290mm C5-7,Tuberías PVC
636,JUNTAMAS DE H° F° P/CAÑO AºCº ØDn: 300mm Dext:348mm C5-7,Tuberías PVC
637,JUNTAMAS DE H° F° P/CAÑO AºCº ØDn: 350mm Dext:406mm C5-7,Tuberías PVC
638,JUNTAMAS DE H° F° P/CAÑO AºCº ØDn: 350mm Dext:405mm C5-7 Long: 450mm EXTRALARGA,Tuberías PVC
639,JUNTAMAS DE H° F° P/CAÑO AºCº ØDn: 350mm Dext:406mm C5-7 Long: 500mm EXTRALARGA,Tuberías PVC
640,JUNTAMAS DE H° F° P/CAÑO AºCº ØDn: 350mm Dext:410mm C5-7 Long: 450mm EXTRALARGA,Tuberías PVC
641,JUNTAMAS DE H° F° P/CAÑO AºCº ØDn: 400mm Dext:464mm C5-7,Tuberías PVC
642,JUNTAMAS DE H° F° P/CAÑO AºCº ØDn: 400mm Dext:464mm C5-7 Long: 550mm EXTRALARGA,Tuberías PVC
643,JUNTAMAS DE H° F° P/CAÑO AºCº ØDn: 400mm Dext:477mm C5-7 Long: 550mm EXTRALARGA,Tuberías PVC
644,JUNTAMAS DE H° F° P/CAÑO AºCº ØDn: 450mm Dext:520mm C5-7,Tuberías PVC
645,JUNTAMAS DE H° F° P/CAÑO AºCº ØDn: 500mm Dext:578mm C5-7,Tuberías PVC
646,JUNTAMAS DE H° F° P/CAÑO AºCº ØDn: 600mm Dext:694mm C5-7,Tuberías PVC
647,JUNTAMAS DE H° F° P/CAÑO AºCº ØDn: 750mm Dext:810mm C5-7 Long: 500mm EXTRALARGA,Tuberías PVC
650,JUNTAMAS DE H° F° P/CAÑO AºCº ØDn: 125mm Dext:160mm C10,Tuberías PVC
651,JUNTAMAS DE H° F° P/CAÑO AºCº ØDn: 150mm Dext:184mm C10,Tuberías PVC
652,JUNTAMAS DE H° F° P/CAÑO AºCº ØDn: 175mm Dext:215mm C10,Tuberías PVC
653,JUNTAMAS DE H° F° P/CAÑO AºCº ØDn: 200mm Dext:246mm C10,Tuberías PVC
654,JUNTAMAS DE H° F° P/CAÑO AºCº ØDn: 225mm Dext:275mm C10,Tuberías PVC
655,JUNTAMAS DE H° F° P/CAÑO AºCº ØDn: 250mm Dext:306mm C10,Tuberías PVC
656,JUNTAMAS DE H° F° P/CAÑO AºCº ØDn: 300mm Dext:368mm C10,Tuberías PVC
657,JUNTAMAS DE H° F° P/CAÑO AºCº ØDn: 350mm Dext:428mm C10,Tuberías PVC
658,JUNTAMAS DE H° F° P/CAÑO AºCº ØDn: 400mm Dext:490mm C10,Tuberías PVC
662,JUNTAMAS PLÁSTICA P/CAÑO PVC Ø40mm Long. 90mm,Tuberías PVC
663,JUNTAMAS PLÁSTICA P/CAÑO PVC Ø40mm Long. 200mm EXTRALARGA,Tuberías PVC
664,JUNTAMAS PLÁSTICA P/CAÑO PVC Ø50mm Long. 90mm,Tuberías PVC
665,JUNTAMAS PLÁSTICA P/CAÑO PVC Ø50mm Long. 200mm EXTRALARGA,Tuberías PVC
666,JUNTAMAS PLÁSTICA P/CAÑO PVC Ø63mm Long. 100mm,Tuberías PVC
667,JUNTAMAS PLÁSTICA P/CAÑO PVC Ø63mm Long. 200mm EXTRALARGA,Tuberías PVC
668,JUNTAMAS PLÁSTICA P/CAÑO PVC Ø75mm Long. 100mm,Tuberías PVC
669,JUNTAMAS PLÁSTICA P/CAÑO PVC Ø75mm Long. 200mm EXTRALARGA,Tuberías PVC
670,JUNTAMAS PLÁSTICA P/CAÑO PVC Ø90mm Long. 115mm,Tuberías PVC
671,JUNTAMAS PLÁSTICA P/CAÑO PVC Ø90mm Long. 200mm EXTRALARGA,Tuberías PVC
672,JUNTAMAS PLÁSTICA P/CAÑO PVC Ø110mm Long. 115mm,Tuberías PVC
673,JUNTAMAS PLÁSTICA P/CAÑO PVC Ø110mm Long. 200mm EXTRALARGA,Tuberías PVC
674,JUNTAMAS PLÁSTICA P/CAÑO PVC Ø125mm Long. 220mm,Tuberías PVC
675,JUNTAMAS PLÁSTICA P/CAÑO PVC Ø140mm Long. 220mm,Tuberías PVC
676,JUNTAMAS PLÁSTICA P/CAÑO PVC Ø160mm Long. 120mm,Tuberías PVC
677,JUNTAMAS PLÁSTICA P/CAÑO PVC Ø160mm Long. 220mm EXTRALARGA,Tuberías PVC
678,JUNTAMAS PLÁSTICA P/CAÑO PVC Ø180mm Long. 220mm,Tuberías PVC
679,JUNTAMAS PLÁSTICA P/CAÑO PVC Ø200mm Long. 220mm,Tuberías PVC
680,JUNTAMAS PLÁSTICA P/CAÑO PVC Ø225mm Long. 235mm,Tuberías PVC
681,JUNTAMAS PLÁSTICA P/CAÑO PVC Ø250mm Long. 240mm,Tuberías PVC
682,JUNTAMAS PLÁSTICA P/CAÑO PVC Ø280mm Long. 240mm,Tuberías PVC
683,JUNTAMAS PLÁSTICA P/CAÑO PVC Ø315mm Long. 250mm,Tuberías PVC
684,JUNTAMAS PLÁSTICA P/CAÑO PVC Ø355mm Long. 250mm,Tuberías PVC
685,JUNTAMAS PLÁSTICA P/CAÑO PVC Ø400mm Long. 250mm,Tuberías PVC
686,JUNTAMAS PLÁSTICA P/CAÑO PVC Ø450mm Long. 300mm,Tuberías PVC
687,JUNTAMAS PLÁSTICA P/CAÑO PVC Ø500mm Long. 300mm,Tuberías PVC
688,JUNTAMAS PLÁSTICA P/CAÑO PVC Ø630mm Long. 330mm,Tuberías PVC
721,JUNTAMAS PLÁSTICA P/CAÑO AºCº  ØDn: 50mm Dext:68mm C3 Long: 200mm,Tuberías PVC
722,JUNTAMAS PLÁSTICA P/CAÑO AºCº  ØDn: 50mm Dext:74mm C5 Long: 200mm,Tuberías PVC
723,JUNTAMAS PLÁSTICA P/CAÑO AºCº  ØDn: 50mm Dext:79mm C7 Long: 200mm,Tuberías PVC
724,JUNTAMAS PLÁSTICA P/CAÑO AºCº  ØDn: 60mm Dext:78 a 86 mm C3-5-7 Long: 200mm,Tuberías PVC
725,JUNTAMAS PLÁSTICA P/CAÑO AºCº  ØDn: 75mm Dext:93mm C3 Long: 200mm,Tuberías PVC
726,JUNTAMAS PLÁSTICA P/CAÑO AºCº  ØDn: 75mm Dext:98 a 105 mm C5-7-10 Long: 200mm,Tuberías PVC
727,JUNTAMASPLÁSTICA P/CAÑO AºCº  ØDn: 100mm Dext:118 a 124mm C3 Long: 220mm,Tuberías PVC
728,JUNTAMAS PLÁSTICA P/CAÑO AºCº  ØDn: 100mm Dext:131 a 137mm C5-7-10 Long: 220mm,Tuberías PVC
729,JUNTAMAS PLÁSTICA P/CAÑO AºCº  ØDn: 125mm Dext:145 a 153mm C3-5-7-10 Long: 220mm,Tuberías PVC
730,JUNTAMAS PLÁSTICA P/CAÑO AºCº  ØDn: 150mm Dext:170 a 174mm C3-5 Long: 220mm,Tuberías PVC
731,JUNTAMAS PLÁSTICA P/CAÑO AºCº  ØDn: 150mm Dext:180 a 184mm C7-10 Long: 220mm,Tuberías PVC
732,JUNTAMAS PLÁSTICA P/CAÑO AºCº  ØDn: 175mm Dext:197 a 201mm C3-5 Long: 220mm,Tuberías PVC
733,JUNTAMAS PLÁSTICA P/CAÑO AºCº  ØDn: 175mm Dext:211 a 215mm C7-10 Long: 235mm,Tuberías PVC
734,JUNTAMAS PLÁSTICA P/CAÑO AºCº  ØDn: 200mm Dext:222 a 226mm C3 Long: 235mm,Tuberías PVC
735,JUNTAMAS PLÁSTICA P/CAÑO AºCº  ØDn: 200mm Dext:230 a 238mm C5-7-10 Long: 240mm,Tuberías PVC
736,JUNTAMAS PLÁSTICA P/CAÑO AºCº  ØDn: 225mm Dext:247mm C3 Long: 250mm,Tuberías PVC
737,JUNTAMAS PLÁSTICA P/CAÑO AºCº  ØDn: 250mm Dext:274 a 280mm C3 Long: 250mm,Tuberías PVC
738,JUNTAMAS PLÁSTICA P/CAÑO AºCº  ØDn: 250mm Dext:286 a 294mm C5-7-10 Long: 250mm,Tuberías PVC
739,JUNTAMAS PLÁSTICA P/CAÑO AºCº  ØDn: 300mm Dext:328mm C3 Long: 250mm,Tuberías PVC
740,JUNTAMAS PLÁSTICA P/CAÑO AºCº  ØDn: 300mm Dext:344 a 354mm C5-7-10 Long: 250mm,Tuberías PVC
741,JUNTAMAS PLÁSTICA P/CAÑO AºCº  ØDn: 350mm Dext:382mm C3 Long: 260mm,Tuberías PVC
742,JUNTAMAS PLÁSTICAP/CAÑO AºCº  ØDn: 350mm Dext:400 a 411mm C5-7-10 Long: 260mm,Tuberías PVC
743,JUNTAMAS PLÁSTICA P/CAÑO AºCº  ØDn: 400mm Dext:458 a 464mm C5-7 Long: 300mm,Tuberías PVC
744,JUNTAMAS PLÁSTICA P/CAÑO AºCº  ØDn: 400mm Dext:490mm C10 Long: 300mm,Tuberías PVC
745,JUNTAMAS PLÁSTICA P/CAÑO AºCº  ØDn: 450mm Dext:490mm C3 Long: 300mm,Tuberías PVC
746,JUNTAMAS PLÁSTICA P/CAÑO AºCº  ØDn: 500mm C5,Tuberías PVC
747,JUNTAMAS PLÁSTICA P/CAÑO AºCº  ØDn: 500mm Dext:572 a 584mm C5-7-10 Long: 330mm,Tuberías PVC
748,JUNTAMAS PLÁSTICA P/CAÑO AºCº  ØDn: 600mm C5-7,Tuberías PVC
785,JUNTAMAS PLÁSTICA AMPLIA TOLERANCIA P/CAÑO AºCº Ø60mm C 3-5-7,Tuberías PVC
786,JUNTAMAS PLÁSTICA AMPLIA TOLERANCIA P/CAÑO AºCº Ø75mm C 3-5-7,Tuberías PVC
787,JUNTAMAS PLÁSTICA AMPLIA TOLERANCIA P/CAÑO AºCº Ø75mm C 5-7-10,Tuberías PVC
788,JUNTAMAS PLÁSTICA AMPLIA TOLERANCIA P/CAÑO AºCº Ø90mm C 3-5-7,Tuberías PVC
789,JUNTAMAS PLÁSTICA AMPLIA TOLERANCIA P/CAÑO AºCº Ø100mm C3-5-7,Tuberías PVC
790,JUNTAMAS PLÁSTICA AMPLIA TOLERANCIA P/CAÑO AºCº Ø125mm C3-5-7,Tuberías PVC
791,JUNTAMAS PLÁSTICA AMPLIA TOLERANCIA P/CAÑO AºCº Ø150mm C 3-5,Tuberías PVC
808,JUNTAMAS H°F° TRANSICIÓN A°C° A PVC  Ø68-50mm,Juntamas
809,JUNTAMAS H°F° TRANSICIÓN A°C° A PVC  Ø68-63mm,Juntamas
810,JUNTAMAS H°F° TRANSICIÓN A°C° A PVC  Ø74-50mm,Juntamas
811,JUNTAMAS H°F° TRANSICIÓN A°C° A PVC  Ø74-63mm,Juntamas
812,JUNTAMAS H°F° TRANSICIÓN A°C° A PVC  Ø89-63mm,Juntamas
813,JUNTAMAS H°F° TRANSICIÓN A°C° A PVC  Ø93-50mm,Juntamas
814,JUNTAMAS H°F° TRANSICIÓN A°C° A PVC  Ø93-63mm,Juntamas
815,JUNTAMAS  H°F°  TRANSICIÓN A°C° A PVC  Ø93-75mm,Juntamas
816,JUNTAMAS  H°F° TRANSICIÓN A°C° A PVC  Ø93-90mm,Juntamas
817,JUNTAMAS  H°F° TRANSICIÓN A°C° A PVC  Ø99-50mm,Juntamas
818,JUNTAMAS  H°F° TRANSICIÓN A°C° A PVC  Ø99-63mm,Juntamas
819,JUNTAMAS  H°F° TRANSICIÓN A°C° A PVC  Ø99-75mm,Juntamas
820,JUNTAMAS  H°F° TRANSICIÓN A°C° A PVC  Ø99-90mm,Juntamas
821,JUNTAMAS  H°F° TRANSICIÓN A°C° A PVC  Ø124-110mm,Juntamas
822,JUNTAMAS  H°F° TRANSICIÓN A°C° A PVC  Ø151-110mm,Juntamas
824,JUNTAMAS  H°F° TRANSICIÓN A°C° A PVC  Ø170-160mm,Juntamas
825,JUNTAMAS  H°F° TRANSICIÓN A°C° A PVC  Ø174-160mm,Juntamas
826,JUNTAMAS  H°F° TRANSICIÓN A°C° A PVC  Ø195-125mm,Juntamas
827,JUNTAMAS  H°F° TRANSICIÓN A°C° A PVC  Ø151-200mm,Juntamas
828,JUNTAMAS  H°F° TRANSICIÓN A°C° A PVC  Ø225-200mm,Juntamas
829,JUNTAMAS  H°F° TRANSICIÓN A°C° A PVC  Ø234-200mm,Juntamas
830,JUNTAMAS  H°F° TRANSICIÓN A°C° A PVC  Ø259-200mm,Juntamas
831,JUNTAMAS  H°F° TRANSICIÓN A°C° A PVC  Ø290-225mm,Juntamas
832,JUNTAMAS  H°F° TRANSICIÓN A°C° A PVC  Ø290-250mm,Juntamas
833,JUNTAMAS  H°F° TRANSICIÓN A°C° A PVC  Ø328-315mm,Juntamas
834,JUNTAMAS  H°F° TRANSICIÓN A°C° A PVC  Ø344-315mm,Juntamas
835,JUNTAMAS  H°F° TRANSICIÓN A°C° A PVC  Ø348-315mm,Juntamas
836,JUNTAMAS  H°F° TRANSICIÓN A°C° A PVC  Ø382-355mm,Juntamas
837,JUNTAMAS  H°F° TRANSICIÓN A°C° A PVC  Ø436-355mm,Juntamas
838,JUNTAMAS  H°F° TRANSICIÓN A°C° A PRFV  Ø390-410mm,Juntamas
839,JUNTAMAS  H°F° TRANSICIÓN PVC A ACERO  Ø160-114mm,Juntamas
840,JUNTAMAS  H°F° TRANSICIÓN PRFV A PVC  Ø406-400mm,Juntamas
841,JUNTAMAS  H°F° TRANSICIÓN PRFV A PVC  Ø408-400mm,Juntamas
842,JUNTAMAS  H°F° TRANSICIÓN PRFV A PVC  Ø508-500mm,Juntamas
866,JUNTAMAS PVC TRANSICIÓN A°C° A PVC  ØDn: 60mm 78-86mm PVC75,Juntamas
867,JUNTAMAS PVC TRANSICIÓN A°C° A PVC  ØDn: 60mm 78-86mm PVC90,Juntamas
868,JUNTAMAS PVC TRANSICIÓN A°C° A PVC  ØDn: 75mm 99-105mm PVC75,Juntamas
869,JUNTAMAS PVC TRANSICIÓN A°C° A PVC  ØDn: 75mm 99-105mm PVC90,Juntamas
870,JUNTAMAS PVC TRANSICIÓN A°C° A PVC  ØDn: 75mm 99-105mm PVC110,Juntamas
871,JUNTAMAS PVC TRANSICIÓN A°C° A PVC  ØDn: 100mm 118mm PVC110,Juntamas
872,JUNTAMAS PVC TRANSICIÓN A°C° A PVC  ØDn: 100mm 131-137mm PVC110,Juntamas
873,JUNTAMAS PVC TRANSICIÓN A°C° A PVC  ØDn: 100mm 131-137mm PVC140,Juntamas
874,JUNTAMAS PVC TRANSICIÓN A°C° A PVC  ØDn: 125mm 145-153mm PVC125,Juntamas
875,JUNTAMAS PVC TRANSICIÓN A°C° A PVC  ØDn: 150mm 170-174mm PVC160,Juntamas
876,JUNTAMAS PVC TRANSICIÓN A°C° A PVC  ØDn: 150mm 180-184mm PVC160,Juntamas
877,JUNTAMAS PVC TRANSICIÓN A°C° A PVC  ØDn: 175mm 210mm PVC200,Juntamas
878,JUNTAMAS PVC TRANSICIÓN A°C° A PVC  ØDn: 200mm 230-238mm PVC200,Juntamas
910,JUNTAMAS PVC REDUCCIÓN  PVC 50 A 40,Juntamas
911,JUNTAMAS PVC REDUCCIÓN  PVC 63 A 50,Juntamas
912,JUNTAMAS PVC REDUCCIÓN  PVC 75 A 63,Juntamas
913,JUNTAMAS PVC REDUCCIÓN  PVC 90 A 75 EXTRALARGA,Juntamas
914,JUNTAMAS PVC REDUCCIÓN  PVC 110 A 90 EXTRALARGA,Juntamas
915,JUNTAMAS PVC REDUCCIÓN  PVC 125 A 110 EXTRALARGA,Juntamas
916,JUNTAMAS PVC REDUCCIÓN  PVC 140 A 125 EXTRALARGA,Juntamas
917,JUNTAMAS PVC REDUCCIÓN  PVC 160 A 140 EXTRALARGA,Juntamas
918,JUNTAMAS PVC REDUCCIÓN  PVC 180 A 160 EXTRALARGA,Juntamas
919,JUNTAMAS PVC REDUCCIÓN  PVC 200 A 180 EXTRALARGA,Juntamas
920,JUNTAMAS PVC REDUCCIÓN  PVC 225 A 200 EXTRALARGA,Juntamas
921,JUNTAMAS PVC REDUCCIÓN  PVC 250 A 225 EXTRALARGA,Juntamas
922,JUNTAMAS PVC REDUCCIÓN  PVC 315 A 280 EXTRALARGA,Juntamas
923,JUNTAMAS PVC REDUCCIÓN  PVC 355 A 315 EXTRALARGA,Juntamas
924,JUNTAMAS PVC REDUCCIÓN  PVC 400 A 355 EXTRALARGA,Juntamas
925,JUNTAMAS PVC REDUCCIÓN  PVC 450 A 400 EXTRALARGA,Juntamas
926,JUNTAMAS PVC REDUCCIÓN  PVC 500 A 450 EXTRALARGA,Juntamas
928,JUNTAMAS PARA CABEZAL PVC CC50,Hidráulicos
929,JUNTAMAS PARA CABEZAL PVC CC63,Hidráulicos
930,JUNTAMAS PARA CABEZAL PVC CC63 EXTRALARGA,Hidráulicos
931,JUNTAMAS PARA CABEZAL PVC CC75,Hidráulicos
932,JUNTAMAS PARA CABEZAL PVC CC75 EXTRALARGA,Hidráulicos
933,JUNTAMAS PARA CABEZAL PVC CC90,Hidráulicos
934,JUNTAMAS PARA CABEZAL PVC CC90 EXTRALARGA,Hidráulicos
935,JUNTAMAS PARA CABEZAL PVC CC110 EXTRALARGA,Hidráulicos
936,JUNTAMAS PARA CABEZAL PVC CC125 EXTRALARGA,Hidráulicos
937,JUNTAMAS PARA CABEZAL PVC CC140 EXTRALARGA,Hidráulicos
938,JUNTAMAS PARA CABEZAL PVC CC160 EXTRALARGA,Hidráulicos
939,JUNTAMAS PARA CABEZAL PVC CR160 EXTRALARGA,Hidráulicos
940,JUNTAMAS PARA CABEZAL PVC CC200 EXTRALARGA,Hidráulicos
941,JUNTAMAS PARA CABEZAL PVC CR200 EXTRALARGA,Hidráulicos
942,JUNTAMAS PARA CABEZAL PVC CC250 EXTRALARGA,Hidráulicos
943,JUNTAMAS PARA CABEZAL PVC CR250 EXTRALARGA,Hidráulicos
944,JUNTAMAS PARA CABEZAL PVC CR280 EXTRALARGA,Hidráulicos
945,JUNTAMAS PARA CABEZAL PVC CC315 EXTRALARGA C6,Hidráulicos
946,JUNTAMAS PARA CABEZAL PVC CC315 EXTRALARGA C10,Hidráulicos
947,JUNTAMAS PARA CABEZAL PVC CR355 EXTRALARGA C6,Hidráulicos
948,JUNTAMAS PARA CABEZAL PVC CR355 EXTRALARGA C10,Hidráulicos
953,JUNTAMAS PARA CABEZAL A°C° ØDn: 50mm Dext 116-68mm C3,Hidráulicos
954,JUNTAMAS PARA CABEZAL A°C° ØDn: 50mm Dext 122-74mm C5,Hidráulicos
962,JUNTAMAS DERIVACIÓN ØDn: 1/2'' Diam ext: 17-19mm Salida: 1/2´' ,Juntamas
963,JUNTAMAS DERIVACIÓN ØDn: 1/2'' Diam ext: 20-22mm Salida: 1/2´' ,Juntamas
964,JUNTAMAS DERIVACIÓN ØDn: 3/4'' Diam ext: 22-24mm Salida: 1/2´' ,Juntamas
965,JUNTAMAS DERIVACIÓN ØDn: 3/4'' Diam ext: 22-24mm Salida: 3/4´' ,Juntamas
966,JUNTAMAS DERIVACIÓN ØDn: 3/4'' Diam ext: 25-28mm Salida: 1/2´' ,Juntamas
967,JUNTAMAS DERIVACIÓN ØDn: 3/4'' Diam ext: 25-28mm Salida: 3/4´' ,Juntamas
968,JUNTAMAS DERIVACIÓN ØDn: 1'' Diam ext: 32-34mm Salida: 1/2´' ,Juntamas
969,JUNTAMAS DERIVACIÓN ØDn: 1'' Diam ext: 32-34mm Salida: 3/4´' ,Juntamas
970,JUNTAMAS DERIVACIÓN ØDn: 1'' Diam ext: 32-34mm Salida: 1´' ,Juntamas
971,"JUNTAMAS DERIVACIÓN ØDn: 1 1/4'' Diam ext: 42,4mm Salida: 1/2´' ",Juntamas
972,"JUNTAMAS DERIVACIÓN ØDn: 1 1/4'' Diam ext: 42,4mm Salida: 3/4´' ",Juntamas
973,"JUNTAMAS DERIVACIÓN ØDn: 1 1/4'' Diam ext: 42,4mm Salida: 1´' ",Juntamas
974,"JUNTAMAS DERIVACIÓN ØDn: 1 1/2'' Diam ext: 48,3mm Salida: 1/2´' ",Juntamas
975,"JUNTAMAS DERIVACIÓN ØDn: 1 1/2'' Diam ext: 48,3mm Salida: 3/4´' ",Juntamas
976,"JUNTAMAS DERIVACIÓN ØDn: 1 1/2'' Diam ext: 48,3mm Salida: 1´' ",Juntamas
977,"JUNTAMAS DERIVACIÓN ØDn: 1 1/2'' Diam ext: 48,3mm Salida: 1 1/2´' ",Juntamas
978,"JUNTAMAS DERIVACIÓN ØDn: 2'' Diam ext: 60,3mm Salida: 1/2´' ",Juntamas
979,"JUNTAMAS DERIVACIÓN ØDn: 2'' Diam ext: 60,3mm Salida: 3/4´' ",Juntamas
980,"JUNTAMAS DERIVACIÓN ØDn: 2'' Diam ext: 60,3mm Salida: 1´' ",Juntamas
981,"JUNTAMAS DERIVACIÓN ØDn: 2'' Diam ext: 60,3mm Salida: 2´' ",Juntamas
982,"JUNTAMAS DERIVACIÓN ØDn: 2 1/2'' Diam ext: 76,1mm Salida: 1/2´' ",Juntamas
983,"JUNTAMAS DERIVACIÓN ØDn: 2 1/2'' Diam ext: 76,1mm Salida: 3/4´' ",Juntamas
984,"JUNTAMAS DERIVACIÓN ØDn: 2 1/2'' Diam ext: 76,1mm Salida: 1´' ",Juntamas
985,"JUNTAMAS DERIVACIÓN ØDn: 2 1/2'' Diam ext: 76,1mm Salida: 2 1/2´' ",Juntamas
986,"JUNTAMAS DERIVACIÓN ØDn: 3'' Diam ext: 88,9mm Salida: 1/2´' ",Juntamas
987,"JUNTAMAS DERIVACIÓN ØDn: 3'' Diam ext: 88,9mm Salida: 3/4´' ",Juntamas
988,"JUNTAMAS DERIVACIÓN ØDn: 3'' Diam ext: 88,9mm Salida: 1´' ",Juntamas
989,"JUNTAMAS DERIVACIÓN ØDn: 3'' Diam ext: 88,9mm Salida: 2´' ",Juntamas
990,"JUNTAMAS DERIVACIÓN ØDn: 3'' Diam ext: 88,9mm Salida: 2 1/2´' ",Juntamas
991,"JUNTAMAS DERIVACIÓN ØDn: 4'' Diam ext: 114,3 mm Salida: 1/2´' ",Juntamas
992,"JUNTAMAS DERIVACIÓN ØDn: 4'' Diam ext: 114,3 mm Salida: 3/4´' ",Juntamas
993,"JUNTAMAS DERIVACIÓN ØDn: 4'' Diam ext: 114,3 mm Salida: 1´' ",Juntamas
994,"JUNTAMAS DERIVACIÓN ØDn: 4'' Diam ext: 114,3 mm Salida: 2´' ",Juntamas
995,"JUNTAMAS DERIVACIÓN ØDn: 4'' Diam ext: 114,3 mm Salida: 2 1/2´' ",Juntamas
996,"JUNTAMAS DERIVACIÓN ØDn: 4'' Diam ext: 114,3 mm Salida: 3´' ",Juntamas
997,"JUNTAMAS DERIVACIÓN ØDn: 5'' Diam ext: 141,3 mm Salida: 1/2´' ",Juntamas
998,"JUNTAMAS DERIVACIÓN ØDn: 5'' Diam ext: 141,3 mm Salida: 3/4´' ",Juntamas
999,"JUNTAMAS DERIVACIÓN ØDn: 5'' Diam ext: 141,3 mm Salida: 1´' ",Juntamas
1000,"JUNTAMAS DERIVACIÓN ØDn: 5'' Diam ext: 141,3 mm Salida: 2 1/2´' ",Juntamas
1001,"JUNTAMAS DERIVACIÓN ØDn: 5'' Diam ext: 141,3 mm Salida: 3´' ",Juntamas
1002,"JUNTAMAS DERIVACIÓN ØDn: 6'' Diam ext: 168,3 mm Salida: 1/2´' ",Juntamas
1003,"JUNTAMAS DERIVACIÓN ØDn: 6'' Diam ext: 168,3 mm Salida: 3/4´' ",Juntamas
1004,"JUNTAMAS DERIVACIÓN ØDn: 6'' Diam ext: 168,3 mm Salida: 1´' ",Juntamas
1005,"JUNTAMAS DERIVACIÓN ØDn: 6'' Diam ext: 168,3 mm Salida: 2´' ",Juntamas
1006,"JUNTAMAS DERIVACIÓN ØDn: 6'' Diam ext: 168,3 mm Salida: 2 1/2´' ",Juntamas
1007,"JUNTAMAS DERIVACIÓN ØDn: 6'' Diam ext: 168,3 mm Salida: 3´' ",Juntamas
1008,"JUNTAMAS DERIVACIÓN ØDn: 6'' Diam ext: 168,3 mm Salida: 4´' ",Juntamas
1012,JUNTAMAS DERIVACIÓN ØDn: 10'' Diam ext: 254 mm Salida: 2 1/2´' ,Juntamas
1013,JUNTAMAS DERIVACIÓN ØDn: 10'' Diam ext: 254 mm Salida: 3´' ,Juntamas
1014,JUNTAMAS DERIVACIÓN ØDn: 10'' Diam ext: 254 mm Salida: 4´' ,Juntamas
1015,"JUNTAMAS DERIVACIÓN ØDn: 12'' Diam ext: 304,8 mm Salida: 2 1/2´' ",Juntamas
1016,"JUNTAMAS DERIVACIÓN ØDn: 12'' Diam ext: 304,8 mm Salida: 3´' ",Juntamas
1017,"JUNTAMAS DERIVACIÓN ØDn: 12'' Diam ext: 304,8 mm Salida: 4´' ",Juntamas
1018,"JUNTAMAS DERIVACIÓN ØDn: 14'' Diam ext: 355,6 mm Salida: 2 1/2´' ",Juntamas
1019,"JUNTAMAS DERIVACIÓN ØDn: 14'' Diam ext: 355,6 mm Salida: 3´' ",Juntamas
1020,"JUNTAMAS DERIVACIÓN ØDn: 14'' Diam ext: 355,6 mm Salida: 4´' ",Juntamas
1021,"JUNTAMAS DERIVACIÓN ØDn: 16'' Diam ext: 406,4 mm Salida: 2 1/2´' ",Juntamas
1022,"JUNTAMAS DERIVACIÓN ØDn: 16'' Diam ext: 406,4 mm Salida: 3´' ",Juntamas
1023,"JUNTAMAS DERIVACIÓN ØDn: 16'' Diam ext: 406,4 mm Salida: 4´' ",Juntamas
1034,JUNTAMAS TOMA DE AGUA C/O'RING Diam ext: 40 mm Salida: 1/2´' ,Juntamas
1035,JUNTAMAS TOMA DE AGUA C/O'RING Diam ext: 40 mm Salida: 3/4´' ,Juntamas
1036,JUNTAMAS TOMA DE AGUA C/O'RING Diam ext: 40 mm Salida: 1´' ,Juntamas
1037,JUNTAMAS TOMA DE AGUA C/O'RING Diam ext: 50 mm Salida: 1/2´' ,Juntamas
1038,JUNTAMAS TOMA DE AGUA C/O'RING Diam ext: 50 mm Salida: 3/4´' ,Juntamas
1039,JUNTAMAS TOMA DE AGUA C/O'RING Diam ext: 50 mm Salida: 1´' ,Juntamas
1040,JUNTAMAS TOMA DE AGUA C/O'RING Diam ext: 63 mm Salida: 1/2´' ,Juntamas
1041,JUNTAMAS TOMA DE AGUA C/O'RING Diam ext: 63 mm Salida: 3/4´' ,Juntamas
1042,JUNTAMAS TOMA DE AGUA C/O'RING Diam ext: 63 mm Salida: 1´' ,Juntamas
1043,JUNTAMAS TOMA DE AGUA C/O'RING Diam ext: 75 mm Salida: 1/2´' ,Juntamas
1044,JUNTAMAS TOMA DE AGUA C/O'RING Diam ext: 75 mm Salida: 3/4´' ,Juntamas
1045,JUNTAMAS TOMA DE AGUA C/O'RING Diam ext: 75 mm Salida: 1´' ,Juntamas
1046,JUNTAMAS TOMA DE AGUA C/O'RING Diam ext: 90 mm Salida: 1/2´' ,Juntamas
1047,JUNTAMAS TOMA DE AGUA C/O'RING Diam ext: 90 mm Salida: 3/4´' ,Juntamas
1048,JUNTAMAS TOMA DE AGUA C/O'RING Diam ext: 90 mm Salida: 1´' ,Juntamas
1049,JUNTAMAS TOMA DE AGUA C/O'RING Diam ext: 110 mm Salida: 1/2´' ,Juntamas
1050,JUNTAMAS TOMA DE AGUA C/O'RING Diam ext: 110 mm Salida: 3/4´' ,Juntamas
1051,JUNTAMAS TOMA DE AGUA C/O'RING Diam ext: 110 mm Salida: 1´' ,Juntamas
1052,JUNTAMAS TOMA DE AGUA C/O'RING Diam ext: 125 mm Salida: 1/2´' ,Juntamas
1053,JUNTAMAS TOMA DE AGUA C/O'RING Diam ext: 125 mm Salida: 3/4´' ,Juntamas
1054,JUNTAMAS TOMA DE AGUA C/O'RING Diam ext: 125 mm Salida: 1´' ,Juntamas
1055,JUNTAMAS TOMA DE AGUA C/O'RING Diam ext: 140 mm Salida: 1/2´' ,Juntamas
1056,JUNTAMAS TOMA DE AGUA C/O'RING Diam ext: 140 mm Salida: 3/4´' ,Juntamas
1057,JUNTAMAS TOMA DE AGUA C/O'RING Diam ext: 140 mm Salida: 1´' ,Juntamas
1058,JUNTAMAS TOMA DE AGUA C/O'RING Diam ext: 160 mm Salida: 1/2´' ,Juntamas
1059,JUNTAMAS TOMA DE AGUA C/O'RING Diam ext: 160 mm Salida: 3/4´' ,Juntamas
1060,JUNTAMAS TOMA DE AGUA C/O'RING Diam ext: 160 mm Salida: 1´' ,Juntamas
1061,JUNTAMAS TOMA DE AGUA C/O'RING Diam ext: 200 mm Salida: 1/2´' ,Juntamas
1062,JUNTAMAS TOMA DE AGUA C/O'RING Diam ext: 200mm Salida: 3/4´' ,Juntamas
1063,JUNTAMAS TOMA DE AGUA C/O'RING Diam ext: 200mm Salida: 1´' ,Juntamas
1064,JUNTAMAS TOMA DE AGUA C/O'RING Diam ext: 200 mm Salida: 2´' ,Juntamas
1065,JUNTAMAS TOMA DE AGUA C/O'RING Diam ext: 225 mm Salida: 1/2´' ,Juntamas
1066,JUNTAMAS TOMA DE AGUA C/O'RING Diam ext: 225 mm Salida: 3/4´' ,Juntamas
1067,JUNTAMAS TOMA DE AGUA C/O'RING Diam ext: 225 mm Salida: 1´' ,Juntamas
1068,JUNTAMAS TOMA DE AGUA C/O'RING Diam ext: 225 mm Salida: 2´' ,Juntamas
1069,JUNTAMAS TOMA DE AGUA C/O'RING Diam ext: 250 mm Salida: 1/2´' ,Juntamas
1070,JUNTAMAS TOMA DE AGUA C/O'RING Diam ext: 250 mm Salida: 3/4´' ,Juntamas
1071,JUNTAMAS TOMA DE AGUA C/O'RING Diam ext: 250 mm Salida: 1´' ,Juntamas
1072,JUNTAMAS TOMA DE AGUA C/O'RING Diam ext: 250 mm Salida: 2´' ,Juntamas
1073,JUNTAMAS TOMA DE AGUA C/O'RING Diam ext: 315 mm Salida: 1/2´' ,Juntamas
1074,JUNTAMAS TOMA DE AGUA C/O'RING Diam ext: 315 mm Salida: 3/4´' ,Juntamas
1075,JUNTAMAS TOMA DE AGUA C/O'RING Diam ext: 315 mm Salida: 1´' ,Juntamas
1076,JUNTAMAS TOMA DE AGUA C/O'RING Diam ext: 315 mm Salida: 2´' ,Juntamas
1077,JUNTAMAS TOMA DE AGUA C/O'RING Diam ext: 355 mm Salida: 1/2´' ,Juntamas
1078,JUNTAMAS TOMA DE AGUA C/O'RING Diam ext: 355 mm Salida: 3/4´' ,Juntamas
1079,JUNTAMAS TOMA DE AGUA C/O'RING Diam ext: 355 mm Salida: 1´' ,Juntamas
1080,JUNTAMAS TOMA DE AGUA C/O'RING Diam ext: 355 mm Salida: 2´' ,Juntamas
1085,JUNTAMAS TOMA DE AGUA C/ELÁSTOMERO COMPLETO Diam ext: 50 mm Salida: 1/2´' ,Juntamas
1086,JUNTAMAS TOMA DE AGUA C/ELÁSTOMERO COMPLETO Diam ext: 50 mm Salida: 3/4´' ,Juntamas
1087,JUNTAMAS TOMA DE AGUA C/ELÁSTOMERO COMPLETO Diam ext: 50 mm Salida: 1´' ,Juntamas
1088,JUNTAMAS TOMA DE AGUA C/ELÁSTOMERO COMPLETO Diam ext: 50 mm Salida: 1 1/2´' ,Juntamas
1089,JUNTAMAS TOMA DE AGUA C/C/ELÁSTOMERO COMPLETO Diam ext: 63 mm Salida: 1/2´' ,Juntamas
1090,JUNTAMAS TOMA DE AGUA C/C/ELÁSTOMERO COMPLETO Diam ext: 63 mm Salida: 3/4´' ,Juntamas
1091,JUNTAMAS TOMA DE AGUA C/C/ELÁSTOMERO COMPLETO Diam ext: 63 mm Salida: 1´' ,Juntamas
1092,JUNTAMAS TOMA DE AGUA C/C/ELÁSTOMERO COMPLETO Diam ext: 63 mm Salida: 2´' ,Juntamas
1093,JUNTAMAS TOMA DE AGUA C/C/ELÁSTOMERO COMPLETO Diam ext: 75 mm Salida: 1/2´' ,Juntamas
1094,JUNTAMAS TOMA DE AGUA C/C/ELÁSTOMERO COMPLETO Diam ext: 75 mm Salida: 3/4´' ,Juntamas
1095,JUNTAMAS TOMA DE AGUA C/C/ELÁSTOMERO COMPLETO Diam ext: 75 mm Salida: 1´' ,Juntamas
1096,JUNTAMAS TOMA DE AGUA C/C/ELÁSTOMERO COMPLETO Diam ext: 75 mm Salida: 2´' ,Juntamas
1097,JUNTAMAS TOMA DE AGUA C/C/ELÁSTOMERO COMPLETO Diam ext: 75 mm Salida: 2 1/2´' ,Juntamas
1098,JUNTAMAS TOMA DE AGUA C/C/ELÁSTOMERO COMPLETO Diam ext: 90 mm Salida: 1/2´' ,Juntamas
1099,JUNTAMAS TOMA DE AGUA C/C/ELÁSTOMERO COMPLETO Diam ext: 90 mm Salida: 3/4´' ,Juntamas
1100,JUNTAMAS TOMA DE AGUA C/C/ELÁSTOMERO COMPLETO Diam ext: 90 mm Salida: 1´' ,Juntamas
1101,JUNTAMAS TOMA DE AGUA C/C/ELÁSTOMERO COMPLETO Diam ext: 90 mm Salida: 2´' ,Juntamas
1102,JUNTAMAS TOMA DE AGUA C/C/ELÁSTOMERO COMPLETO Diam ext: 90 mm Salida: 2 1/2´' ,Juntamas
1103,JUNTAMAS TOMA DE AGUA C/C/ELÁSTOMERO COMPLETO Diam ext: 110 mm Salida: 1/2´' ,Juntamas
1104,JUNTAMAS TOMA DE AGUA C/C/ELÁSTOMERO COMPLETO Diam ext: 110 mm Salida: 3/4´' ,Juntamas
1105,JUNTAMAS TOMA DE AGUA C/C/ELÁSTOMERO COMPLETO Diam ext: 110 mm Salida: 1´' ,Juntamas
1106,JUNTAMAS TOMA DE AGUA C/C/ELÁSTOMERO COMPLETO Diam ext: 110 mm Salida: 2´' ,Juntamas
1107,JUNTAMAS TOMA DE AGUA C/C/ELÁSTOMERO COMPLETO Diam ext: 110 mm Salida: 2 1/2´' ,Juntamas
1108,JUNTAMAS TOMA DE AGUA C/C/ELÁSTOMERO COMPLETO Diam ext: 110 mm Salida: 3´' ,Juntamas
1109,JUNTAMAS TOMA DE AGUA C/C/ELÁSTOMERO COMPLETO Diam ext: 125 mm Salida: 1/2´' ,Juntamas
1110,JUNTAMAS TOMA DE AGUA C/C/ELÁSTOMERO COMPLETO Diam ext: 125 mm Salida: 3/4´' ,Juntamas
1111,JUNTAMAS TOMA DE AGUA C/C/ELÁSTOMERO COMPLETO Diam ext: 125 mm Salida: 1´' ,Juntamas
1112,JUNTAMAS TOMA DE AGUA C/C/ELÁSTOMERO COMPLETO Diam ext: 125 mm Salida: 2 1/2´' ,Juntamas
1113,JUNTAMAS TOMA DE AGUA C/C/ELÁSTOMERO COMPLETO Diam ext: 125 mm Salida: 3´' ,Juntamas
1114,JUNTAMAS TOMA DE AGUA C/C/ELÁSTOMERO COMPLETO Diam ext: 140 mm Salida: 1/2´' ,Juntamas
1115,JUNTAMAS TOMA DE AGUA C/C/ELÁSTOMERO COMPLETO Diam ext: 140 mm Salida: 3/4´' ,Juntamas
1116,JUNTAMAS TOMA DE AGUA C/C/ELÁSTOMERO COMPLETO Diam ext: 140 mm Salida: 1´' ,Juntamas
1117,JUNTAMAS TOMA DE AGUA C/C/ELÁSTOMERO COMPLETO Diam ext: 140 mm Salida: 2´' ,Juntamas
1118,JUNTAMAS TOMA DE AGUA C/C/ELÁSTOMERO COMPLETO Diam ext: 140 mm Salida: 2 1/2´' ,Juntamas
1119,JUNTAMAS TOMA DE AGUA C/C/ELÁSTOMERO COMPLETO Diam ext: 140 mm Salida: 3´' ,Juntamas
1120,JUNTAMAS TOMA DE AGUA C/C/ELÁSTOMERO COMPLETO Diam ext: 160 mm Salida: 1/2´' ,Juntamas
1121,JUNTAMAS TOMA DE AGUA C/C/ELÁSTOMERO COMPLETO Diam ext: 160 mm Salida: 3/4´' ,Juntamas
1122,JUNTAMAS TOMA DE AGUA C/C/ELÁSTOMERO COMPLETO Diam ext: 160 mm Salida: 1´' ,Juntamas
1123,JUNTAMAS TOMA DE AGUA C/C/ELÁSTOMERO COMPLETO Diam ext: 160 mm Salida: 2´' ,Juntamas
1124,JUNTAMAS TOMA DE AGUA C/C/ELÁSTOMERO COMPLETO Diam ext: 160 mm Salida: 2 1/2´' ,Juntamas
1125,JUNTAMAS TOMA DE AGUA C/C/ELÁSTOMERO COMPLETO Diam ext: 160 mm Salida: 3´' ,Juntamas
1126,JUNTAMAS TOMA DE AGUA C/C/ELÁSTOMERO COMPLETO Diam ext: 160 mm Salida: 4´' ,Juntamas
1127,JUNTAMAS TOMA DE AGUA C/C/ELÁSTOMERO COMPLETO Diam ext: 200 mm Salida: 2 1/2´' ,Juntamas
1128,JUNTAMAS TOMA DE AGUA C/C/ELÁSTOMERO COMPLETO Diam ext: 200 mm Salida: 3´' ,Juntamas
1129,JUNTAMAS TOMA DE AGUA C/C/ELÁSTOMERO COMPLETO Diam ext: 200 mm Salida: 4´' ,Juntamas
1130,JUNTAMAS TOMA DE AGUA C/C/ELÁSTOMERO COMPLETO Diam ext: 225 mm Salida: 1/2´' ,Juntamas
1131,JUNTAMAS TOMA DE AGUA C/C/ELÁSTOMERO COMPLETO Diam ext: 225 mm Salida: 3/4´' ,Juntamas
1132,JUNTAMAS TOMA DE AGUA C/C/ELÁSTOMERO COMPLETO Diam ext: 225 mm Salida: 1´' ,Juntamas
1133,JUNTAMAS TOMA DE AGUA C/C/ELÁSTOMERO COMPLETO Diam ext: 225 mm Salida: 2´' ,Juntamas
1134,JUNTAMAS TOMA DE AGUA C/C/ELÁSTOMERO COMPLETO Diam ext: 225 mm Salida: 2 1/2´' ,Juntamas
1135,JUNTAMAS TOMA DE AGUA C/C/ELÁSTOMERO COMPLETO Diam ext: 225 mm Salida: 3´' ,Juntamas
1136,JUNTAMAS TOMA DE AGUA C/C/ELÁSTOMERO COMPLETO Diam ext: 225 mm Salida: 4´' ,Juntamas
1137,JUNTAMAS TOMA DE AGUA C/C/ELÁSTOMERO COMPLETO Diam ext: 250 mm Salida: 2 1/2´' ,Juntamas
1138,JUNTAMAS TOMA DE AGUA C/C/ELÁSTOMERO COMPLETO Diam ext: 250 mm Salida: 3´' ,Juntamas
1139,JUNTAMAS TOMA DE AGUA C/C/ELÁSTOMERO COMPLETO Diam ext: 250 mm Salida: 4´' ,Juntamas
1140,JUNTAMAS TOMA DE AGUA C/C/ELÁSTOMERO COMPLETO Diam ext: 315 mm Salida: 2 1/2´' ,Juntamas
1141,JUNTAMAS TOMA DE AGUA C/C/ELÁSTOMERO COMPLETO Diam ext: 315 mm Salida: 3´' ,Juntamas
1142,JUNTAMAS TOMA DE AGUA C/C/ELÁSTOMERO COMPLETO Diam ext: 315 mm Salida: 4´' ,Juntamas
1143,JUNTAMAS TOMA DE AGUA C/C/ELÁSTOMERO COMPLETO Diam ext: 355 mm Salida: 2 1/2´' ,Juntamas
1144,JUNTAMAS TOMA DE AGUA C/C/ELÁSTOMERO COMPLETO Diam ext: 355 mm Salida: 3´' ,Juntamas
1145,JUNTAMAS TOMA DE AGUA C/C/ELÁSTOMERO COMPLETO Diam ext: 355 mm Salida: 4´' ,Juntamas
1146,JUNTAMAS TOMA DE AGUA C/C/ELÁSTOMERO COMPLETO Diam ext: 400 mm Salida: 2 1/2´' ,Juntamas
1147,JUNTAMAS TOMA DE AGUA C/C/ELÁSTOMERO COMPLETO Diam ext: 400 mm Salida: 3´' ,Juntamas
1148,JUNTAMAS TOMA DE AGUA C/C/ELÁSTOMERO COMPLETO Diam ext: 400 mm Salida: 4´' ,Juntamas
1149,JUNTAMAS TOMA DE AGUA C/C/ELÁSTOMERO COMPLETO Diam ext: 450 mm Salida: 2 1/2´' ,Juntamas
1150,JUNTAMAS TOMA DE AGUA C/C/ELÁSTOMERO COMPLETO Diam ext: 450 mm Salida: 3´' ,Juntamas
1151,JUNTAMAS TOMA DE AGUA C/C/ELÁSTOMERO COMPLETO Diam ext: 450 mm Salida: 4´' ,Juntamas
1152,JUNTAMAS TOMA DE AGUA C/C/ELÁSTOMERO COMPLETO Diam ext: 500 mm Salida: 2 1/2´' ,Juntamas
1153,JUNTAMAS TOMA DE AGUA C/C/ELÁSTOMERO COMPLETO Diam ext: 500 mm Salida: 3´' ,Juntamas
1154,JUNTAMAS TOMA DE AGUA C/C/ELÁSTOMERO COMPLETO Diam ext: 500 mm Salida: 4´' ,Juntamas
1155,JUNTAMAS TOMA DE AGUA C/C/ELÁSTOMERO COMPLETO Diam ext: 630 mm Salida: 2 1/2´' ,Juntamas
1156,JUNTAMAS TOMA DE AGUA C/C/ELÁSTOMERO COMPLETO Diam ext: 630 mm Salida: 3´' ,Juntamas
1157,JUNTAMAS TOMA DE AGUA C/C/ELÁSTOMERO COMPLETO Diam ext: 630 mm Salida: 4´' ,Juntamas
1164,"JUNTAMAS TOMA DE AGUA P/ A°C°, FUNDICIÓN O ACERO  ØDn: 50mm Dext:68mm C3 Salida: 1/2''",Juntamas
1165,"JUNTAMAS TOMA DE AGUA P/ A°C°, FUNDICIÓN O ACERO  ØDn: 50mm Dext:68mm C3 Salida: 3/4''",Juntamas
1166,"JUNTAMAS TOMA DE AGUA P/ A°C°, FUNDICIÓN O ACERO  ØDn: 50mm Dext:68mm C3 Salida: 1''",Juntamas
1167,"JUNTAMAS TOMA DE AGUA P/ A°C°, FUNDICIÓN O ACERO  ØDn: 50mm Dext:68mm C3 Salida: 2''",Juntamas
1168,"JUNTAMAS TOMA DE AGUA P/ A°C°, FUNDICIÓN O ACERO  ØDn: 50mm Dext:74 a 79 mm C5-7 Salida: 1/2''",Juntamas
1169,"JUNTAMAS TOMA DE AGUA P/ A°C°, FUNDICIÓN O ACERO  ØDn: 50mm Dext:74 a 79 mm C5-7 Salida: 3/4''",Juntamas
1170,"JUNTAMAS TOMA DE AGUA P/ A°C°, FUNDICIÓN O ACERO  ØDn: 50mm Dext:74 a 79 mm C5-7 Salida: 1''",Juntamas
1171,"JUNTAMAS TOMA DE AGUA P/ A°C°, FUNDICIÓN O ACERO  ØDn: 50mm Dext:74 a 79 mm C5-7 Salida: 2''",Juntamas
1172,"JUNTAMAS TOMA DE AGUA P/ A°C°, FUNDICIÓN O ACERO  ØDn: 50mm Dext:74 a 79 mm C5-7 Salida: 2 1/2''",Juntamas
1173,"JUNTAMAS TOMA DE AGUA P/ A°C°, FUNDICIÓN O ACERO  ØDn: 60mm Dext:78mm C3 Salida: 1/2''",Juntamas
1174,"JUNTAMAS TOMA DE AGUA P/ A°C°, FUNDICIÓN O ACERO  ØDn: 60mm  Dext:78mm C3 Salida: 3/4''",Juntamas
1175,"JUNTAMAS TOMA DE AGUA P/ A°C°, FUNDICIÓN O ACERO  ØDn: 60mm  Dext:78mm C3 Salida: 1''",Juntamas
1176,"JUNTAMAS TOMA DE AGUA P/ A°C°, FUNDICIÓN O ACERO  ØDn: 60mm  Dext:78mm C3 Salida: 2''",Juntamas
1177,"JUNTAMAS TOMA DE AGUA P/ A°C°, FUNDICIÓN O ACERO  ØDn: 60mm  Dext:78mm C3 Salida: 2 1/2''",Juntamas
1178,"JUNTAMAS TOMA DE AGUA P/ A°C°, FUNDICIÓN O ACERO  ØDn: 60mm  Dext:74 a 79 mm C5-7-10 Salida: 1/2''",Juntamas
1179,"JUNTAMAS TOMA DE AGUA P/ A°C°, FUNDICIÓN O ACERO  ØDn: 60mm  Dext:74 a 79 mm C5-7-10 Salida: 3/4''",Juntamas
1180,"JUNTAMAS TOMA DE AGUA P/ A°C°, FUNDICIÓN O ACERO  ØDn: 60mm  Dext:74 a 79 mm C5-7-10 Salida: 1''",Juntamas
1181,"JUNTAMAS TOMA DE AGUA P/ A°C°, FUNDICIÓN O ACERO  ØDn: 60mm  Dext:74 a 79 mm C5-7-10 Salida: 2''",Juntamas
1182,"JUNTAMAS TOMA DE AGUA P/ A°C°, FUNDICIÓN O ACERO  ØDn: 60mm  Dext:74 a 79 mm C5-7-10 Salida: 2 1/2''",Juntamas
1183,"JUNTAMAS TOMA DE AGUA P/ A°C°, FUNDICIÓN O ACERO  ØDn: 75mm Dext:93mm C3 Salida: 1/2''",Juntamas
1184,"JUNTAMAS TOMA DE AGUA P/ A°C°, FUNDICIÓN O ACERO ØDn: 75mm Dext:93mm C3 Salida: 3/4''",Juntamas
1185,"JUNTAMAS TOMA DE AGUA P/ A°C°, FUNDICIÓN O ACERO  ØDn: 75mm Dext:93mm C3 Salida: 1''",Juntamas
1186,"JUNTAMAS TOMA DE AGUA P/ A°C°, FUNDICIÓN O ACERO  ØDn: 75mm Dext:93mm C3 Salida: 2''",Juntamas
1187,"JUNTAMAS TOMA DE AGUA P/ A°C°, FUNDICIÓN O ACERO  ØDn: 75mm Dext:93mm C3 Salida: 2 1/2''",Juntamas
1188,"JUNTAMAS TOMA DE AGUA P/ A°C°, FUNDICIÓN O ACERO  ØDn: 75mm  Dext:99 a 105 mm C5-7-10 Salida: 1/2''",Juntamas
1189,"JUNTAMAS TOMA DE AGUA P/ A°C°, FUNDICIÓN O ACERO  ØDn: 75mm  Dext:99 a 105 mm C5-7-10 Salida: 3/4''",Juntamas
1190,"JUNTAMAS TOMA DE AGUA P/ A°C°, FUNDICIÓN O ACERO  ØDn: 75mm  Dext:99 a 105 mm C5-7-10 Salida: 1''",Juntamas
1191,"JUNTAMAS TOMA DE AGUA P/ A°C°, FUNDICIÓN O ACERO  ØDn: 75mm  Dext:99 a 105 mm C5-7-10 Salida: 2''",Juntamas
1192,"JUNTAMAS TOMA DE AGUA P/ A°C°, FUNDICIÓN O ACERO  ØDn: 75mm  Dext:99 a 105 mm C5-7-10 Salida: 2 1/2''",Juntamas
1193,"JUNTAMAS TOMA DE AGUA P/ A°C°, FUNDICIÓN O ACERO  ØDn: 75mm  Dext:99 a 105 mm C5-7-10 Salida: 3''",Juntamas
1194,"JUNTAMAS TOMA DE AGUA P/ A°C°, FUNDICIÓN O ACERO  ØDn: 100mm Dext:118mm C3 Salida: 1/2''",Juntamas
1195,"JUNTAMAS TOMA DE AGUA P/ A°C°, FUNDICIÓN O ACERO ØDn: 100mm Dext:118mm C3 Salida: 3/4''",Juntamas
1196,"JUNTAMAS TOMA DE AGUA P/ A°C°, FUNDICIÓN O ACERO  ØDn: 100mm Dext:118mm C3 Salida: 1''",Juntamas
1197,"JUNTAMAS TOMA DE AGUA P/ A°C°, FUNDICIÓN O ACERO  ØDn: 100mm Dext:118mm C3 Salida: 2''",Juntamas
1198,"JUNTAMAS TOMA DE AGUA P/ A°C°, FUNDICIÓN O ACERO  ØDn: 100mm Dext:118mmC3 Salida: 2 1/2''",Juntamas
1199,"JUNTAMAS TOMA DE AGUA P/ A°C°, FUNDICIÓN O ACERO  ØDn: 100mm  Dext:131 a 137mm C5-7-10 Salida: 1/2''",Juntamas
1200,"JUNTAMAS TOMA DE AGUA P/ A°C°, FUNDICIÓN O ACERO  ØDn: 100mm  Dext:131 a 137mm C5-7-10 Salida: 3/4''",Juntamas
1201,"JUNTAMAS TOMA DE AGUA P/ A°C°, FUNDICIÓN O ACERO  ØDn: 100mm  Dext:131 a 137mm C5-7-10 Salida: 1''",Juntamas
1202,"JUNTAMAS TOMA DE AGUA P/ A°C°, FUNDICIÓN O ACERO  ØDn: 100mm  Dext:131 a 137mm C5-7-10 Salida: 2 1/2''",Juntamas
1203,"JUNTAMAS TOMA DE AGUA P/ A°C°, FUNDICIÓN O ACERO  ØDn: 100mm  Dext:131 a 137mm C5-7-10 Salida: 3''",Juntamas
1204,"JUNTAMAS TOMA DE AGUA P/ A°C°, FUNDICIÓN O ACERO  ØDn: 125mm  Dext:149 a 153mm C5-7-10 Salida: 1/2''",Juntamas
1205,"JUNTAMAS TOMA DE AGUA P/ A°C°, FUNDICIÓN O ACERO  ØDn: 125mm  Dext:149 a 153mm  C5-7-10 Salida: 3/4''",Juntamas
1206,"JUNTAMAS TOMA DE AGUA P/ A°C°, FUNDICIÓN O ACERO  ØDn: 125mm  Dext:149 a 153mm  C5-7-10 Salida: 1''",Juntamas
1207,"JUNTAMAS TOMA DE AGUA P/ A°C°, FUNDICIÓN O ACERO  ØDn: 125mm  Dext:149 a 153mm  C5-7-10 Salida: 2''",Juntamas
1208,"JUNTAMAS TOMA DE AGUA P/ A°C°, FUNDICIÓN O ACERO  ØDn: 125mm  Dext:149 a 153mm  C5-7-10 Salida: 2 1/2''",Juntamas
1209,"JUNTAMAS TOMA DE AGUA P/ A°C°, FUNDICIÓN O ACERO  ØDn: 125mm  Dext:149 a 153mm  C5-7-10 Salida: 3''",Juntamas
1210,"JUNTAMAS TOMA DE AGUA P/ A°C°, FUNDICIÓN O ACERO  ØDn: 125mm  Dext:149 a 153mm  C5-7-10 Salida: 4''",Juntamas
1211,"JUNTAMAS TOMA DE AGUA P/ A°C°, FUNDICIÓN O ACERO  ØDn: 150mm  Dext:170 a 174mm  C3-5 Salida: 1''",Juntamas
1212,"JUNTAMAS TOMA DE AGUA P/ A°C°, FUNDICIÓN O ACERO  ØDn: 150mm  Dext:170 a 174mm  C3-5 Salida: 2''",Juntamas
1213,"JUNTAMAS TOMA DE AGUA P/ A°C°, FUNDICIÓN O ACERO  ØDn: 150mm  Dext:170 a 174mm  C7-10 Salida: 1''",Juntamas
1214,"JUNTAMAS TOMA DE AGUA P/ A°C°, FUNDICIÓN O ACERO  ØDn: 150mm  Dext:170 a 174mm  C7-10 Salida: 2''",Juntamas
1215,"JUNTAMAS TOMA DE AGUA P/ A°C°, FUNDICIÓN O ACERO ØDn: 150mm  Dext:170 a 174mm  C7-10 Salida: 3''",Juntamas
1216,"JUNTAMAS TOMA DE AGUA P/ A°C°, FUNDICIÓN O ACERO  ØDn: 175mm  Dext:197 a 201mm  C3-5 Salida: 2 1/2''",Juntamas
1217,"JUNTAMAS TOMA DE AGUA P/ A°C°, FUNDICIÓN O ACERO  ØDn: 175mm  Dext:197 a 201mm  C3-5  Salida: 3''",Juntamas
1218,"JUNTAMAS TOMA DE AGUA P/ A°C°, FUNDICIÓN O ACERO  ØDn: 175mm  Dext:197 a 201mm  C3-5  Salida: 4''",Juntamas
1219,"JUNTAMAS TOMA DE AGUA P/ A°C°, FUNDICIÓN O ACERO  ØDn: 175mm  Dext:211 a 215mm  C7-10 Salida: 2 1/2''",Juntamas
1220,"JUNTAMAS TOMA DE AGUA P/ A°C°, FUNDICIÓN O ACERO  ØDn: 175mm  Dext:211 a 215mm  C7-10 Salida: 3''",Juntamas
1221,"JUNTAMAS TOMA DE AGUA P/ A°C°, FUNDICIÓN O ACERO  ØDn: 175mm  Dext:211 a 215mm  C7-10  Salida: 4''",Juntamas
1222,"JUNTAMAS TOMA DE AGUA P/ A°C°, FUNDICIÓN O ACERO  ØDn: 200mm  Dext:230 a 238mm  C5-7-10 Salida: 1''",Juntamas
1223,"JUNTAMAS TOMA DE AGUA P/ A°C°, FUNDICIÓN O ACERO  ØDn: 200mm  Dext:230 a 238mm  C5-7-10 Salida: 2''",Juntamas
1224,"JUNTAMAS TOMA DE AGUA P/ A°C°, FUNDICIÓN O ACERO  ØDn: 200mm  Dext:230 a 238mm  C5-7-10 Salida: 2 1/2''",Juntamas
1225,"JUNTAMAS TOMA DE AGUA P/ A°C°, FUNDICIÓN O ACERO  ØDn: 200mm  Dext:230 a 238mm  C5-7-10 Salida: 3''",Juntamas
1226,"JUNTAMAS TOMA DE AGUA P/ A°C°, FUNDICIÓN O ACERO  ØDn: 200mm  Dext:230 a 238mm  C5-7-10 Salida: 4''",Juntamas
1227,"JUNTAMAS TOMA DE AGUA P/ A°C°, FUNDICIÓN O ACERO  ØDn: 250mm  Dext:286 a 294mm  C5-7-10 Salida: 1''",Juntamas
1228,"JUNTAMAS TOMA DE AGUA P/ A°C°, FUNDICIÓN O ACERO  ØDn: 250mm  Dext:286 a 294mm C5-7-10 Salida: 2''",Juntamas
1229,"JUNTAMAS TOMA DE AGUA P/ A°C°, FUNDICIÓN O ACERO  ØDn: 250mm  Dext:286 a 294mm  C5-7-10 Salida: 2 1/2''",Juntamas
1230,"JUNTAMAS TOMA DE AGUA P/ A°C°, FUNDICIÓN O ACERO  ØDn: 250mm  Dext:286 a 294mm  C5-7-10 Salida: 3''",Juntamas
1231,"JUNTAMAS TOMA DE AGUA P/ A°C°, FUNDICIÓN O ACERO  ØDn: 250mm  Dext:286 a 294mm  C5-7-10 Salida: 4''",Juntamas
1232,"JUNTAMAS TOMA DE AGUA P/ A°C°, FUNDICIÓN O ACERO  ØDn: 300mm Dext:328mm C3 Salida: 2 1/2''",Juntamas
1233,"JUNTAMAS TOMA DE AGUA P/ A°C°, FUNDICIÓN O ACERO  ØDn: 300mm Dext:328mm  C3 Salida: 3''",Juntamas
1234,"JUNTAMAS TOMA DE AGUA P/ A°C°, FUNDICIÓN O ACERO   ØDn: 300mm Dext:328mm  C3 Salida: 4''",Juntamas
1235,"JUNTAMAS TOMA DE AGUA P/ A°C°, FUNDICIÓN O ACERO  ØDn: 300mm  Dext:344 a 354mm  C5-7-10 Salida: 1''",Juntamas
1236,"JUNTAMAS TOMA DE AGUA P/ A°C°, FUNDICIÓN O ACERO  ØDn: 300mm  Dext:344 a 354mm C5-7-10 Salida: 2''",Juntamas
1237,"JUNTAMAS TOMA DE AGUA P/ A°C°, FUNDICIÓN O ACERO  ØDn: 300mm  Dext:344 a 354mm  C5-7-10 Salida: 2 1/2''",Juntamas
1238,"JUNTAMAS TOMA DE AGUA P/ A°C°, FUNDICIÓN O ACERO  ØDn: 300mm  Dext:344 a 354mm  C5-7-10 Salida: 3''",Juntamas
1239,"JUNTAMAS TOMA DE AGUA P/ A°C°, FUNDICIÓN O ACERO  ØDn: 300mm  Dext:344 a 354mm  C5-7-10 Salida: 4''",Juntamas
1240,"JUNTAMAS TOMA DE AGUA P/ A°C°, FUNDICIÓN O ACERO  ØDn: 350mm Dext:382mm C3 Salida: 2 1/2''",Juntamas
1241,"JUNTAMAS TOMA DE AGUA P/ A°C°, FUNDICIÓN O ACERO  ØDn: 350mm Dext:382mm  C3 Salida: 3''",Juntamas
1242,"JUNTAMAS TOMA DE AGUA P/ A°C°, FUNDICIÓN O ACERO  ØDn: 350mm Dext:382mm  C3 Salida: 4''",Juntamas
1243,"JUNTAMAS TOMA DE AGUA P/ A°C°, FUNDICIÓN O ACERO  ØDn: 350mm Dext:400 a 411mm C5-7-10 Salida: 2 1/2''",Juntamas
1244,"JUNTAMAS TOMA DE AGUA P/ A°C°, FUNDICIÓN O ACERO ØDn: 350mm Dext:400 a 411mm C5-7-10 Salida: 3''",Juntamas
1245,"JUNTAMAS TOMA DE AGUA P/ A°C°, FUNDICIÓN O ACERO ØDn: 350mm Dext:400 a 411mm C5-7-10 Salida: 4''",Juntamas
1246,"JUNTAMAS TOMA DE AGUA P/ A°C°, FUNDICIÓN O ACERO  ØDn: 400mm Dext:458 a 464mm C5-7 Salida: 2 1/2''",Juntamas
1247,"JUNTAMAS TOMA DE AGUA P/ A°C°, FUNDICIÓN O ACERO ØDn: 400mm Dext:458 a 464mm C5-7  Salida: 3''",Juntamas
1248,"JUNTAMAS TOMA DE AGUA P/ A°C°, FUNDICIÓN O ACERO ØDn: 400mm Dext:458 a 464mm C5-7  Salida: 4''",Juntamas
1249,"JUNTAMAS TOMA DE AGUA P/ A°C°, FUNDICIÓN O ACERO  ØDn: 400mm Dext:490mm C10 Salida: 2 1/2''",Juntamas
1250,"JUNTAMAS TOMA DE AGUA P/ A°C°, FUNDICIÓN O ACERO ØDn: 400mm Dext:490mm C10  Salida: 3''",Juntamas
1251,"JUNTAMAS TOMA DE AGUA P/ A°C°, FUNDICIÓN O ACERO ØDn: 400mm Dext:490mm C10  Salida: 4''",Juntamas
1252,"JUNTAMAS TOMA DE AGUA P/ A°C°, FUNDICIÓN O ACERO  ØDn: 450mm Dext:490mm C3 Salida: 2 1/2''",Juntamas
1253,"JUNTAMAS TOMA DE AGUA P/ A°C°, FUNDICIÓN O ACERO ØDn: 450mm Dext:490mm C3  Salida: 3''",Juntamas
1254,"JUNTAMAS TOMA DE AGUA P/ A°C°, FUNDICIÓN O ACERO ØDn: 450mm Dext:490mm C3  Salida: 4''",Juntamas
1255,"JUNTAMAS TOMA DE AGUA P/ A°C°, FUNDICIÓN O ACERO  ØDn: 500mm Dext:572 a 584mm C5-7-10 Salida: 2 1/2''",Juntamas
1256,"JUNTAMAS TOMA DE AGUA P/ A°C°, FUNDICIÓN O ACERO ØDn: 500mm Dext:572 a 584mm C5-7-10 Salida: 3''",Juntamas
1257,"JUNTAMAS TOMA DE AGUA P/ A°C°, FUNDICIÓN O ACERO ØDn: 500mm Dext:572 a 584mm C5-7-10 Salida: 4''",Juntamas
1271,MANGA PVC AZUL DE Ø 2“,Otros
1272,MANGA PVC AZUL DE Ø 3”,Otros
1273,MANGA PVC AZUL DE Ø 6“,Otros
1274,MANGA PVC AZUL DE Ø 8”,Otros
1288,MANGUERA TUBERÍA DE POLIETILENO DE ALTA DENSIDAD (PEAD) Ø 20mm,Otros
1289,MANGUERA TUBERÍA DE POLIETILENO DE ALTA DENSIDAD (PEAD) Ø 25mm,Otros
1290,MANGUERA TUBERÍA DE POLIETILENO DE ALTA DENSIDAD (PEAD) Ø32mm,Otros
1297,MANGUERA TUBERÍA DE POLIETILENO DE BAJA DENSIDAD (PEBD) Ø1/2 mm,Otros
1298,MANGUERA TUBERÍA DE POLIETILENO DE BAJA DENSIDAD (PEBD) Ø3/4”,Otros
1299,MANGUERA TUBERÍA DE POLIETILENO DE BAJA DENSIDAD (PEBD) Ø 1”,Otros
1300,MANGUERA TUBERÍA DE POLIETILENO DE BAJA DENSIDAD (PEBD) Ø 1 ¼’’,Otros
1301,MANGUERA TUBERÍA DE POLIETILENO DE BAJA DENSIDAD (PEBD) Ø 1 1/2”,Otros
1302,MANGUERA TUBERÍA DE POLIETILENO DE BAJA DENSIDAD (PEBD) Ø 2”,Otros
1311,MANGUITO CÓNICO DE Ø1/2“,Otros
1312,MANGUITO CÓNICO DE Ø3/4 “,Otros
1323,MANGUITO DESLIZANTE DE Ø 50mm,Otros
1324,MANGUITO DESLIZANTE DE Ø 63mm,Otros
1325,MANGUITO DESLIZANTE DE Ø 75mm,Otros
1326,MANGUITO DESLIZANTE DE Ø 90mm,Otros
1327,MANGUITO DESLIZANTE DE Ø 110mm,Otros
1328,MANGUITO DESLIZANTE DE Ø 160mm,Otros
1329,MANGUITO DESLIZANTE DE Ø 200mm,Otros
1330,MANGUITO DESLIZANTE DE Ø 250mm,Otros
1331,MANGUITO DESLIZANTE DE Ø 315mm,Otros
1332,MANGUITO DESLIZANTE DE Ø 355mm,Otros
1333,MANGUITO DESLIZANTE DE Ø 400mm,Otros
1334,MANGUITO DESLIZANTE DE Ø 450mm,Otros
1335,MANGUITO DESLIZANTE DE Ø 500mm,Otros
1343,MANGUITO ROSCADO DE Ø 50mm,Otros
1344,MANGUITO ROSCADO DE Ø 63mm,Otros
1345,MANGUITO ROSCADO DE Ø 75mm,Otros
1346,MANGUITO ROSCADO DE Ø 110mm,Otros
1357,MARCO Y TAPA H° DÚCTIL PARA BOCA DE REGISTRO EN CALZADA CON JUNTA DE ESTANQUEIDAD -CIERRE DE SEGURIDAD TIPO CLICK,Otros
1358,MARCO Y TAPA FUNDICION PARA BOCA DE REGISTRO EN CALZADA ,Otros
1364,MONTURAS Ø160mm – Ø110mm PVC CLOACA,Otros
1375,"RACOR DE BRONCE Ø 1/2""",Otros
1376,"RACOR DE BRONCE Ø 3/4""",Otros
1377,"RACOR DE BRONCE Ø 1""",Otros
1390,REDUCCIÓN PVC C/JUNTA ELÁSTICA Ø63X50mm,Reducciones
1392,REDUCCIÓN PVC C/JUNTA ELÁSTICA Ø75X63mm,Reducciones
1395,REDUCCIÓN PVC C/JUNTA ELÁSTICA Ø110X75mm,Reducciones
1399,REDUCCIÓN PVC C/JUNTA ELÁSTICA Ø160X110mm,Reducciones
1400,REDUCCIÓN PVC  C/JUNTA ELÁSTICA Ø200X160mm,Reducciones
1401,REDUCCIÓN PVC  C/JUNTA ELÁSTICA Ø250X200mm,Reducciones
1415,TEÉ PVC INYECTADA C10 C/ JUNTA ELÁSTICA Ø50 X 50mm,Otros
1416,TEÉ PVC INYECTADA C10 C/ JUNTA ELÁSTICA Ø63 X 63mm,Otros
1417,TEÉ PVC INYECTADA C10 C/ JUNTA ELÁSTICA Ø75 X 75mm,Otros
1418,TEÉ PVC INYECTADA C10 C/ JUNTA ELÁSTICA Ø90 X 90mm,Otros
1419,TEÉ PVC INYECTADA C10 C/ JUNTA ELÁSTICA Ø110 X 63mm,Otros
1420,TEÉ PVC INYECTADA C10 C/ JUNTA ELÁSTICA Ø110 X 75mm,Otros
1421,TEÉ PVC INYECTADA C10 C/ JUNTA ELÁSTICA Ø110 X 110mm,Otros
1422,TEÉ PVC INYECTADA C10 C/ JUNTA ELÁSTICA Ø160 X 63mm,Otros
1423,TEÉ PVC INYECTADA C10 C/ JUNTA ELÁSTICA Ø160 X 75mm,Otros
1424,TEÉ PVC INYECTADA C10 C/ JUNTA ELÁSTICA Ø160 X 110mm,Otros
1425,TEÉ PVC INYECTADA C10 C/ JUNTA ELÁSTICA Ø160 X 160mm,Otros
1426,TEÉ PVC INYECTADA C10 C/ JUNTA ELÁSTICA Ø200 X 63mm,Otros
1427,TEÉ PVC INYECTADA C10 C/ JUNTA ELÁSTICA Ø200 X 110mm,Otros
1428,TEÉ PVC INYECTADA C10 C/ JUNTA ELÁSTICA Ø200 X 160mm,Otros
1429,TEÉ PVC INYECTADA C10 C/ JUNTA ELÁSTICA Ø200 X 200mm,Otros
1430,TEÉ PVC INYECTADA C10 C/ JUNTA ELÁSTICA Ø250 X 75mm,Otros
1431,TEÉ PVC INYECTADA C10 C/ JUNTA ELÁSTICA Ø250 X 110mm,Otros
1432,TEÉ PVC INYECTADA C10 C/ JUNTA ELÁSTICA Ø250 X 160mm,Otros
1433,TEÉ PVC INYECTADA C10 C/ JUNTA ELÁSTICA Ø250 X 250mm,Otros
1437,TEÉ PVC INYECTADA C10 C/ JUNTA ELÁSTICA Ø315 X 315mm,Otros
1442,TAPÓN INYECTADO 63,Otros
1443,TAPÓN INYECTADO 75,Otros
1444,TAPÓN INYECTADO x,Otros
1445,TAPÓN INYECTADO 110,Otros
1448,TAPÓN INYECTADO 250,Otros
1458,TRANSICIONES AºCº Ø 60 C 3-5-7 A PVC Ø 63mm JUNTA ELÁSTICA,Otros
1461,TRANSICIONES AºCº Ø 75 C 5-7 A PVC Ø75mm JUNTA ELÁSTICA,Otros
1462,TRANSICIONES AºCº Ø 75 C 7 A PVC Ø75mm JUNTA ELÁSTICA,Otros
1463,TRANSICIONES AºCº Ø 100 C3 A PVC Ø110mm JUNTA ELÁSTICA,Otros
1464,TRANSICIONES AºCº Ø 100 C3-5 A PVC Ø110mm JUNTA ELÁSTICA,Otros
1465,TRANSICIONES AºCº Ø 100 C5-7 A PVC Ø110mm JUNTA ELÁSTICA,Otros
1467,TRANSICIONES AºCº Ø 150 C 5-7 A PVC Ø160mm JUNTA ELÁSTICA,Otros
1469,TRANSICIONES A°C° Ø 200 C 5 A PVC Ø200mm,Otros
1470,TRANSICIONES A°C° Ø 225 C 3-5-7 A PVC Ø200mm,Otros
1473,TRANSICIONES A°C° Ø 225 C 3-5-7 A PVC Ø250mm,Otros
1475,TRANSICIONES A°C° Ø 250 C 5 A PVC Ø200mm,Otros
1476,TRANSICIONES A°C° Ø 315mm C3 A PVC Ø 250mm,Otros
1478,TRANSICIONES  PVC Ø160mm A A°C° Ø150 C 5-7 ,Otros
1483,TRANSICIONES  PVC Ø250mm A A°C° Ø250 C 3 ,Otros
1484,TRANSICIONES  PVC Ø250mm A A°C° Ø250 C 5,Otros
1486,TRANSICIONES  PVC Ø250mm A A°C° Ø300 C 3 ,Otros
1490,TRANSICIONES HF Ø 400mm A PVC Ø 400mm,Otros
1495,TUBO PVC HIDRÁULICO C6 Ø 50mm JUNTA ELÁSTICA ARO INTEGRADO,Otros
1496,TUBO PVC HIDRÁULICO C6 Ø 63mm JUNTA ELÁSTICA ARO INTEGRADO,Otros
1497,TUBO PVC HIDRÁULICO C6 Ø 75mm JUNTA ELÁSTICA ARO INTEGRADO,Otros
1498,TUBO PVC HIDRÁULICO C6 Ø110mm JUNTA ELÁSTICA ARO INTEGRADO,Otros
1499,TUBO PVC HIDRÁULICO C10 Ø 63mm JUNTA ELÁSTICA ARO INTEGRADO,Otros
1500,TUBO PVC HIDRÁULICO C10 Ø 75mm JUNTA ELÁSTICA ARO INTEGRAD,Otros
1501,TUBO PVC HIDRÁULICO C10 Ø 90mm JUNTA ELÁSTICA ARO INTEGRADO,Otros
1502,TUBO PVC HIDRÁULICO C10 Ø110mm JUNTA ELÁSTICA ARO INTEGRADO,Otros
1503,TUBO PVC HIDRÁULICO C10 Ø125mm JUNTA ELÁSTICA ARO INTEGRADO,Otros
1504,TUBO PVC HIDRÁULICO C10 Ø160mm JUNTA ELÁSTICA ARO INTEGRADO,Otros
1505,TUBO PVC HIDRÁULICO C10 Ø200mm JUNTA ELÁSTICA ARO INTEGRADO,Otros
1506,TUBO PVC HIDRÁULICO C10 Ø225mm JUNTA ELÁSTICA ARO INTEGRADO,Otros
1507,TUBO PVC HIDRÁULICO C10 Ø250mm JUNTA ELÁSTICA ARO INTEGRADO,Otros
1508,TUBO PVC HIDRÁULICO C10 Ø300mm JUNTA ELÁSTICA ARO INTEGRADO,Otros
1509,TUBO PVC HIDRÁULICO C10 Ø315mm JUNTA ELÁSTICA ARO INTEGRADO,Otros
1510,TUBO PVC HIDRÁULICO C10 Ø350mm JUNTA ELÁSTICA ARO INTEGRADO,Otros
1511,TUBO PVC HIDRÁULICO C10 Ø355mm JUNTA ELÁSTICA ARO INTEGRADO,Otros
1512,TUBO PVC HIDRÁULICO C10 Ø400mm JUNTA ELÁSTICA ARO INTEGRADO,Otros
1513,TUBO PVC HIDRÁULICO C10 Ø450 mm JUNTA ELÁSTICA ARO INTEGRADO,Otros
1514,TUBO PVC HIDRÁULICO C10 Ø500 mm JUNTA ELÁSTICA ARO INTEGRADO,Otros
1523,VÁLVULA DE RETENCIÓN A BOLA Øxx,Otros
1524,VÁLVULA DE RETENCIÓN A BOLA Ø200,Otros
1525,VÁLVULA DE RETENCIÓN A BOLA Ø250,Otros
1531,VÁLVULA ESFÉRICA DE CORTE Ø1/2“,Otros
1532,VÁLVULA ESFÉRICA DE CORTE Ø3/4“,Otros
1533,VÁLVULA ESFÉRICA DE CORTE Ø1”,Otros
1539,VÁLVULA DE RETENCIÓN A BOLA Ø4”,Otros
1540,VÁLVULA DE RETENCIÓN A BOLA Ø6”,Otros
1541,VÁLVULA DE RETENCIÓN A BOLA Ø8”,Otros
1542,VÁLVULA DE RETENCIÓN A BOLA Ø10”,Otros
1548,VÁLVULA DE RETENCIÓN WAFER CUERPO DÚO CHECK Ø 4”,Otros
1549,VÁLVULA DE RETENCIÓN WAFER CUERPO DÚO CHECK Ø 6”,Otros
1550,VÁLVULA DE RETENCIÓN WAFER CUERPO DÚO CHECK Ø 8”,Otros
1551,VÁLVULA DE RETENCIÓN WAFER CUERPO DÚO CHECK Ø 10”,Otros
1552,VÁLVULA DE RETENCIÓN WAFER CUERPO DÚO CHECK Ø 16”,Otros
1553,VÁLVULA ESCLUSA Ø 63mm BRIDADA,Conexiones
1554,VÁLVULA ESCLUSA Ø 63mm JUNTA ELÁSTICA,Otros
1555,VÁLVULA ESCLUSA Ø 80mm BRIDADA,Conexiones
1556,VÁLVULA ESCLUSA Ø 80mm JUNTA ELÁSTICA,Otros
1557,VÁLVULA ESCLUSA Ø 75mm BRIDADA,Conexiones
1558,VÁLVULA ESCLUSA Ø 75mm JUNTA ELÁSTICA,Otros
1559,VÁLVULA ESCLUSA Ø 100mm BRIDADA,Conexiones
1560,VÁLVULA ESCLUSA Ø 100mm JUNTA ELÁSTICA,Otros
1561,VÁLVULA ESCLUSA Ø 110mm BRIDADA,Conexiones
1562,VÁLVULA ESCLUSA Ø 110mm JUNTA ELÁSTICA,Otros
1563,VÁLVULA ESCLUSA Ø 150 mm BRIDADA,Conexiones
1564,VÁLVULA ESCLUSA Ø 150mm JUNTA ELÁSTICA,Otros
1565,VÁLVULA ESCLUSA Ø 160 mm BRIDADA,Conexiones
1566,VÁLVULA ESCLUSA Ø 160mm JUNTA ELÁSTICA,Otros
1567,VÁLVULA ESCLUSA Ø 200mm BRIDADA,Conexiones
1568,VÁLVULA ESCLUSA Ø 200mm JUNTA ELÁSTICA,Otros
1569,VÁLVULA ESCLUSA Ø 250mm BRIDADA,Conexiones
1570,VÁLVULA ESCLUSA Ø 250 mm JUNTA ELÁSTICA,Otros
1571,VÁLVULA ESCLUSA Ø 315mm BRIDADA,Conexiones
1572,VÁLVULA ESCLUSA Ø 315mm JUNTA ELÁSTICA,Otros
1573,VÁLVULA ESCLUSA Ø 355mm BRIDADA,Conexiones
1574,VÁLVULA ESCLUSA Ø 355mm JUNTA ELÁSTICA,Otros
1575,VÁLVULA ESCLUSA Ø 400 mm BRIDADA,Conexiones
1576,VÁLVULA ESCLUSA Ø 400mm JUNTA ELÁSTICA,Otros
1577,VÁLVULA ESCLUSA Ø 500mm BRIDADA,Conexiones
1578,VÁLVULA ESCLUSA Ø 500mm JUNTA ELÁSTICA,Otros
1584,VÁLVULA MARIPOSA Ø 63mm,Otros
1585,VÁLVULA MARIPOSA Ø 75mm,Otros
1586,VÁLVULA MARIPOSA Ø 90mm,Otros
1587,VÁLVULA MARIPOSA Ø 100mm,Otros
1588,VÁLVULA MARIPOSA Ø 110mm,Otros
1589,VÁLVULA MARIPOSA Ø 150mm,Otros
1590,VÁLVULA MARIPOSA Ø 160mm,Otros
1591,VÁLVULA MARIPOSA Ø 200mm,Otros
1592,VÁLVULA MARIPOSA Ø 250mm,Otros
1593,VÁLVULA MARIPOSA Ø 315mm,Otros
1594,VÁLVULA MARIPOSA Ø 355mm,Otros
1595,VÁLVULA MARIPOSA Ø 400mm,Otros
1605,VÁLVULA RETENCIÓN Ø 200mm,Otros
1617,VÁLVULA RETENCION A BOLA PN16'' Ø 150mm ,Otros
1618,VÁLVULA AIRE A BOLA Ø XXXmm,Otros
1619,VÁLVULA RETENCION A BOLA PN16''  Ø 200mm,Otros
1620,VÁLVULA AIRE A BOLA Ø xXXmm,Otros
1631,LLAVE DE PASO ACERO 2'',Otros
1632,LLAVE DE PASO ACERO 3'',Otros
1648,JUNTA AMPLIA TOLERANCIA 108-118,Otros
1649,JUNTA AMPLIA TOLERANCIA 154-175,Otros
1650,JUNTA AMPLIA TOLERANCIA 158-184,Otros
1651,JUNTA AMPLIA TOLERANCIA 185-207,Otros
1652,JUNTA AMPLIA TOLERANCIA 198-225,Otros
1653,JUNTA AMPLIA TOLERANCIA 255-270,Otros
1654,JUNTA AMPLIA TOLERANCIA 240-265,Otros
1655,JUNTA AMPLIA TOLERANCIA 315-349,Otros
1656,JUNTA AMPLIA TOLERANCIA 315-335,Otros
1657,JUNTA AMPLIA TOLERANCIA XXX-XXX,Otros
1658,JUNTA AMPLIA TOLERANCIA 344-360,Otros
1659,JUNTA AMPLIA TOLERANCIA DN 400 386-412,Otros
1660,JUNTA AMPLIA TOLERANCIA XXXX,Otros
1661,JUNTA AMPLIA TOLERANCIA 400-429,Otros
1662,JUNTA AMPLIA TOLERANCIA 495-515,Otros
1663,JUNTA AMPLIA TOLERANCIA 435-470,Otros
1673,JUNTA AMPLIA TOLERANCIA DN 250 246-270,Otros
